fecha,00_total_cdmx,alvaro_obregon,azcapotzalco,benito_juarez,coyoacan,cuajimalpa_de_morelos,cuauhtemoc,gustavo_a_madero,iztacalco,iztapalapa,magdalena_contreras,miguel_hidalgo,milpa_alta,tlahuac,tlalpan,venustiano_carranza,xochimilco
02/03/2020,-0.4,-0.4,-5.528255528,-1.484441907,-0.4,-1.991008349,-0.4,-0.4,-0.4,-0.4,-1.311866428,-1.895294897,-0.4,-0.4,-0.4,-0.4,-0.4
03/03/2020,-0.4,-0.4,-19.08315565,-0.909440246,-0.4,-5.773809524,-0.4,-0.4,-0.4,-0.4,-0.709639267,-1.181767023,-1.744186047,-0.4,-0.4,-0.4,-0.4
04/03/2020,-0.537410488,-0.4,-10.89699472,-0.47139763,-7.454289733,-0.4,-0.360892389,-2.194457793,-1.462718516,-0.4,-2.018454441,-0.223438722,-0.4,-5.94795539,-0.4,-0.4,-0.695479384
05/03/2020,-2.158815053,-0.107642627,-6.418689045,-2.915869981,-15.63622613,-0.4,-1.144738905,-0.4,-1.526162791,-0.76107638,-5.882352941,-4.680155324,-0.4,-0.4,-0.4,-0.4,-2.850356295
06/03/2020,-0.164597273,-2.266244057,-1.379763469,-3.378965667,-1.925925926,-1.711229947,-0.4,-0.4,-0.4,-0.4,-7.2619688,-10.30030873,-16.16161616,-0.4,-4.362194316,-0.4,-2.475247525
07/03/2020,-4.579191066,-0.4,-6.373193167,-3.791808263,-0.4,-0.4,-0.4,-7.696566999,-8.241291419,-8.793174625,-8.887283237,-17.44268078,-23.49726776,-6.68358714,0,-0.4,-7.224334601
08/03/2020,-7.235475321,-4.836759371,-6.82830282,-11.38370952,-7.125727989,-9.830508475,-0.4,-12.94177473,-15.35756155,-6.104162778,-21.71372931,-30.39564084,-39.53488372,-0.4,-20.173454,-12.8440367,-6.258322237
09/03/2020,-46.73969979,-55.25474313,-44.64373464,-54.59606052,-59.34349355,-51.95889531,-40.14316115,-37.5348675,-39.09861325,-35.9659255,-52.47465713,-60.82173625,-44.78527607,-28.97196262,-52.43553009,-36.89214887,-36.97621744
10/03/2020,-5.674886571,-0.4,-25.01066098,-8.082490073,-3.582522261,-2.321428571,-6.818375522,-6.579583938,-5.117669032,-4.164965292,-11.11768185,-5.863815419,-0.4,-0.3,-0.966057441,-0.920598389,-0.4
11/03/2020,-0.466203598,-0.4,-12.89286534,-0.4,-4.098854732,-1.302378256,-0.4,-0.512574083,-5.315733143,-2.227993439,-12.11072664,-0.4,-0.4,-5.204460967,-0.4,-0.4,-3.47739692
12/03/2020,-0.4,-0.4,-9.276479927,-0.095602294,-4.367555303,-0.4,-2.038576133,-0.4,-0.4,-0.407719489,-2.972136223,-0.4,-0.4,-0.4,-0.4,-0.4,-0.4
13/03/2020,-6.605360146,-14.56418384,-8.935611038,-13.99391569,-9.962962963,-17.37967914,-0.4,-0.4,-4.032,-4.413648538,-26.89618074,-11.33875947,-0.4,-0.4,-14.67283543,-0.4,-2.925292529
14/03/2020,-5.174996595,-3.028664143,-11.95795007,-9.944553747,-4.759454592,-4.893449092,-4.535244411,-5.167958656,-0.4,-4.114490161,-5.202312139,-24.62081129,-0.4,-0.4,-0.4,-0.4,-0.4
15/03/2020,-10.77202283,-21.40266022,-18.15932707,-12.38959764,-14.49126413,-14.35028249,-13.99207165,-12.89092296,-5.861664713,-0.4,-7.887049659,-43.30727316,-24.41860465,-0.4,-25.18853695,-4.545454545,-0.4
16/03/2020,-56.41359494,-65.03943722,-64.93857494,-59.27776192,-61.35990621,-59.21644188,-49.17779068,-51.86541144,-55.54699538,-51.57377996,-56.70840787,-75.70576541,-25.76687117,-25.6490135,-56.3948945,-45.85710405,-24.23556059
17/03/2020,-15.81292065,-23.66580052,-27.76119403,-25.13129243,-21.08096914,-32.61904762,-12.33273673,-8.998548621,-0.485618229,-0.4,-15.9668835,-38.14293754,-0.4,-5.9,-13.05483029,-0.4,-0.4
18/03/2020,-27.16341309,-36.49817413,-26.74925442,-36.80723659,-40.08438819,-35.84371461,-25.0246063,-16.06599391,-19.19372101,-6.560962274,-28.08535179,-50.80996537,-0.4,-17.37918216,-19.92882562,-15.97096189,-0.4
19/03/2020,-32.67171212,-40.52744887,-28.0335677,-44.94502868,-47.41917187,-43.20987654,-32.87596048,-18.84297521,-13.95348837,-7.665126393,-24.52012384,-56.83629675,-0.4,-6.095041322,-32.01287447,-25.75505351,-4.703087886
20/03/2020,-37.03080832,-52.44057052,-30.39859834,-46.849196,-48.72222222,-45.0802139,-32.35131942,-26.22038253,-16,-14.05613136,-35.71812803,-62.32575545,-0.4,-6.78111588,-41.55100242,-26.60009079,-21.06210621
21/03/2020,-35.12528939,-38.83180097,-28.94218134,-43.10499016,-50.96475431,-31.41278611,-33.52230185,-31.9306017,-16.99235344,-21.21921013,-32.15317919,-56.75485009,-21.31147541,-23.43485618,-33.74800638,-32.76237932,-30.08555133
22/03/2020,-44.06237314,-51.14873035,-35.37852548,-48.38076546,-57.3826653,-50.84745763,-44.00234914,-40.75769133,-36.8112544,-36.45697219,-49.56183057,-61.50201374,-44.76744186,-32.52873563,-55.95776772,-40.28356964,-28.56191744
23/03/2020,-50.52305482,-63.27009166,-40.14742015,-60.26263203,-65.32239156,-62.42774566,-42.24221319,-42.50348675,-42.21879815,-32.68842044,-60.52474657,-65.4473161,-0.4,-31.77570093,-61.05756707,-48.13909264,-36.12684032
24/03/2020,-58.46915137,-68.99860084,-52.92110874,-65.55655181,-72.41664941,-64.94047619,-53.31117361,-51.52394775,-48.26298095,-43.37824963,-60.79243051,-73.10073157,-42.44186047,-49,-61.35770235,-47.72727273,-51.29399586
25/03/2020,-61.34540716,-73.13088603,-51.80087176,-66.96394445,-71.93088206,-65.45866365,-54.98687664,-55.40605478,-58.5444167,-48.19573537,-68.22376009,-74.10345213,-24.6835443,-53.34572491,-65.42958821,-56.59839253,-54.09836066
26/03/2020,-63.70127088,-75.69070685,-52.86913132,-69.71797323,-78.71053129,-69.87654321,-56.83707072,-55.53719008,-56.03197674,-51.18238652,-68.54489164,-76.52769262,-19.85815603,-51.44628099,-67.24436742,-57.36028537,-58.19477435
27/03/2020,-64.33248649,-74.5800317,-51.66447657,-71.68622338,-76.68518519,-67.37967914,-57.92044112,-55.20982015,-56.832,-49.71468499,-66.91769769,-78.23931144,-59.5959596,-49.01287554,-69.24432694,-63.7993645,-61.07110711
28/03/2020,-55.75037451,-58.22065982,-51.60972405,-60.02504024,-68.38178544,-49.32912391,-47.66285164,-51.49501661,-52.46389125,-51.94715839,-52.74566474,-67.90123457,-51.36612022,-51.3536379,-61.37161085,-51.60386173,-60.31368821
29/03/2020,-58.68137641,-63.5630794,-49.7278575,-59.44553484,-67.96848236,-63.27683616,-55.86551167,-54.4113908,-55.50996483,-56.9348516,-64.84907498,-68.91731817,-58.13953488,-53.90804598,-66.25188537,-57.38115096,-63.91478029
30/03/2020,-59.68062976,-70.64591771,-51.00737101,-64.25920639,-74.16178195,-65.12524085,-49.47765525,-54.39330544,-55.58551618,-49.23476754,-67.32259988,-73.09476474,-48.46625767,-45.48286604,-66.44959625,-54.68622657,-56.398641
31/03/2020,-61.7383795,-69.25844493,-55.07462687,-68.69476111,-75.56429903,-67.97619048,-55.10099719,-57.55523303,-53.23122899,-48.55042875,-66.82436428,-75.11536297,-45.34883721,-47.2,-65.11749347,-53.76869965,-56.67701863
01/04/2020,-62.33021187,-71.747069,-52.83321863,-68.12332781,-75.54751859,-63.7599094,-58.62860892,-53.88435047,-54.04923296,-47.7993439,-65.39792388,-76.78471679,-44.93670886,-47.11895911,-64.33655313,-60.64298678,-56.88027819
02/04/2020,-65.50179793,-73.60961607,-53.27738716,-70.36328872,-79.9205899,-69.87654321,-63.2037008,-55.12396694,-54.50581395,-53.34329981,-65.75851393,-79.00061312,-34.75177305,-40.08264463,-67.54147066,-63.09155767,-63.04038005
03/04/2020,-64.41001419,-74.88114105,-51.35786246,-72.51195133,-75.03703704,-71.55080214,-61.02402521,-57.40793605,-52.704,-47.81646675,-59.44055944,-79.70811114,-56.06060606,-47.03862661,-68.58338841,-59.73672265,-59.27092709
04/04/2020,-60.76535476,-64.22390481,-52.3653088,-61.27705241,-73.39850785,-60.93133386,-58.24152316,-54.54042082,-56.32965166,-56.25430026,-56.64739884,-71.25220459,-55.73770492,-51.3536379,-65.00797448,-60.01245718,-64.82889734
05/04/2020,-48.67031226,-59.77428456,-34.98268184,-45.06051685,-62.33870047,-52.84369115,-46.46894729,-49.50419527,-44.27510746,-49.43687387,-57.80590717,-59.70938956,-62.79069767,-43.0651341,-60.58320764,-49.06866833,-47.66977364
06/04/2020,-48.76606953,-65.47999716,-31.84275184,-52.20287373,-66.26807347,-65.40355384,-36.95105436,-39.9930265,-47.02105804,-41.15891809,-58.81534486,-64.0910095,-38.24130879,-32.08722741,-56.72484154,-49.23480938,-19.63004908
07/04/2020,-72.01622963,-80.17189686,-67.01492537,-75.40668631,-81.81818182,-80.29761905,-69.04457513,-68.84373488,-67.38886814,-59.01728597,-75.45830869,-80.06752954,-53.48837209,-67.5,-74.49086162,-70.28193326,-63.87163561
08/04/2020,-73.91006435,-81.06861426,-65.74902501,-76.81233278,-82.05746434,-77.34994337,-73.78608924,-69.54989588,-71.70888334,-58.28321487,-74.50980392,-83.93475589,-46.83544304,-68.49442379,-75.95322827,-73.99533316,-68.50471932
09/04/2020,-79.74764062,-86.47290994,-77.27375822,-80.83173996,-85.9519758,-84.44444444,-78.67335738,-74.74380165,-76.1627907,-68.90459364,-78.94736842,-86.80768445,-38.29787234,-73.76033058,-80.41594454,-80.30915577,-78.00475059
10/04/2020,-85.81123794,-91.96513471,-83.68374945,-84.73489787,-88.53703704,-91.65775401,-83.22961796,-83.04310591,-82.656,-81.76313031,-90.85529855,-88.9512583,-85.85858586,-83.60515021,-88.67591981,-84.5438039,-87.66876688
11/04/2020,-77.15681602,-84.61330449,-73.58738502,-73.22482561,-80.80782094,-82.24151539,-75.19520804,-75.26762643,-71.02803738,-76.30383927,-80.56358382,-80.08818342,-73.7704918,-76.81895093,-79.96810207,-75.27250078,-82.27186312
12/04/2020,-70.65214796,-74.80854494,-62.74121722,-69.18547596,-76.49880096,-75.70621469,-70.18059022,-67.81083143,-61.37162954,-71.77524734,-80.03894839,-74.84008529,-72.09302326,-68.62068966,-76.6214178,-70.18348624,-75.76564581
13/04/2020,-70.73736512,-78.63994884,-63.31695332,-72.42363688,-79.24970692,-79.19075145,-64.32578835,-63.44142259,-69.87673344,-67.23938781,-75.43231962,-78.54208085,-59.50920245,-58.98234683,-75.35816619,-71.31214344,-66.7610419
14/04/2020,-72.74409551,-80.73156106,-66.71641791,-75.70129371,-81.44543384,-80.05952381,-68.3286457,-67.29559748,-69.70489354,-66.04056077,-75.5765819,-82.63365222,-70.93023256,-63.9,-73.65535248,-65.18987342,-69.20289855
15/04/2020,-71.6421921,-80.18450894,-61.73434274,-74.25149701,-81.1533052,-75.93431484,-69.19291339,-66.1220567,-66.25044595,-62.79387644,-72.49134948,-82.12490225,-64.55696203,-62.26765799,-71.19979664,-68.78402904,-69.7466468
16/04/2020,-73.53731518,-81.1804808,-63.43842141,-76.11137667,-82.92682927,-78.7654321,-70.97381214,-66.16528926,-67.87790698,-64.66431095,-73.25077399,-84.89679133,-54.60992908,-51.03305785,-75.09284476,-71.81926278,-71.21140143
17/04/2020,-72.98934889,-81.26782884,-63.84143671,-77.92264233,-82.5,-74.81283422,-67.85348562,-67.77048244,-69.504,-64.50448352,-74.17966649,-84.3109739,-58.58585859,-54.42060086,-74.92839833,-67.81661371,-68.54185419
18/04/2020,-67.80096691,-69.57815035,-63.40341656,-68.05580397,-73.81013635,-66.45619574,-65.98566692,-64.41491325,-68.6491079,-67.53818632,-64.81213873,-74.44444444,-63.93442623,-48.22335025,-69.53748006,-67.82933666,-69.58174905
19/04/2020,-65.63507415,-67.99677549,-58.68381989,-62.16879293,-74.20349435,-65.31073446,-63.60299515,-61.14924994,-62.60257913,-69.14317715,-69.03602726,-75.07699597,-74.41860465,-60.91954023,-71.22926094,-63.5529608,-68.64181092
20/04/2020,-68.75140304,-76.65742912,-62.45700246,-70.29688838,-78.96834701,-78.42003854,-62.72973496,-63.68549512,-66.33281972,-62.02714409,-73.34525939,-77.56129887,-64.41717791,-56.90550363,-73.37848398,-67.50882912,-61.94790487
21/04/2020,-70.24111414,-77.15370778,-66.7803838,-71.90982452,-80.78277076,-77.73809524,-65.25185375,-62.78019674,-63.35450131,-63.79474615,-74.86694264,-80.36015757,-75,-65.2,-73.5770235,-62.39930955,-68.5300207
22/04/2020,-72.15407559,-80.24216798,-65.3590273,-73.65269461,-81.73598553,-78.1993205,-67.34744094,-65.51337498,-70.67427756,-67.09950793,-75.49019608,-81.3987264,-60.12658228,-67.84386617,-74.60599898,-64.66165414,-70.09438649
23/04/2020,-76.437371,-83.10010764,-67.11272397,-77.01959847,-85.32803933,-83.45679012,-72.12639172,-70.52892562,-72.09302326,-72.35661865,-78.08049536,-84.28367055,-68.79432624,-71.69421488,-77.49442931,-72.86563615,-76.43705463
24/04/2020,-75.59666512,-83.94611727,-62.50547525,-78.60712734,-82.68518519,-78.87700535,-69.87002757,-71.13902369,-71.744,-72.00419238,-74.7175901,-83.83384788,-66.16161616,-69.87124464,-78.80590438,-74.44394008,-73.08730873
25/04/2020,-70.54677925,-76.0411033,-63.14060447,-67.30459667,-76.64008233,-72.45461721,-67.15156701,-70.30269472,-64.91079014,-73.33149856,-68.71387283,-74.09171076,-59.56284153,-68.95093063,-72.72727273,-68.60791031,-73.43155894
26/04/2020,-69.72801299,-70.61668682,-61.25680356,-66.48675172,-75.74511819,-76.15819209,-65.99618265,-71.70099161,-64.83001172,-73.88463692,-75.17039922,-73.20540156,-73.8372093,-71.83908046,-72.09653092,-72.85237698,-74.36750999
27/04/2020,-72.65149134,-79.06629716,-64.74201474,-72.52355124,-82.03985932,-79.96146435,-65.60263107,-70.03138075,-71.61016949,-70.96448166,-77.8771616,-77.73359841,-68.09815951,-62.61682243,-75.87913519,-74.21896224,-72.08380521
28/04/2020,-74.44381999,-81.07135719,-71.17270789,-76.25208147,-81.96313937,-81.72619048,-69.07014404,-70.84341235,-70.11580127,-69.93330611,-77.58722649,-81.30557119,-67.44186047,-69.5,-75.27415144,-71.74913694,-72.20496894
29/04/2020,-73.43042549,-78.7045935,-64.92314751,-76.27723277,-82.03737191,-75.36806342,-69.99671916,-69.99839821,-69.49696753,-67.83761618,-74.62514418,-80.77309798,-65.82278481,-66.82156134,-74.86019319,-73.86569873,-68.20665673
30/04/2020,-68.05524905,-75.17043416,-58.67543661,-72.9206501,-79.10758177,-69.44444444,-68.43343265,-59.3553719,-58.10319767,-56.78173417,-64.45820433,-80.40057225,-59.57446809,-42.76859504,-62.68878435,-70.03567182,-59.71496437
01/05/2020,-79.35974046,-81.2836767,-77.0477442,-80.68231204,-85.05555556,-79.2513369,-76.30563214,-75.49243506,-76.064,-78.71200652,-78.48305541,-86.50949574,-66.16161616,-67.89699571,-77.83652787,-78.05265547,-75.42754275
02/05/2020,-68.49550592,-69.98377501,-63.86333771,-66.67859059,-74.42757911,-68.82399369,-65.26901273,-66.51901071,-64.18861512,-71.65267648,-69.07514451,-71.9047619,-75.95628415,-66.66666667,-67.40031898,-68.01619433,-72.7661597
03/05/2020,-67.01291879,-70.93913744,-58.23849579,-64.84298332,-75.3340185,-66.55367232,-64.19028043,-64.09865243,-61.01993,-72.26059,-72.63875,-73.34755,-65.11628,-67.12644,-69.45701,-67.598,-69.44075
04/05/2020,-70.93341714,-78.76785,-65.01229,-71.25321,-80.09379,-76.30058,-64.84813,-66.5795,-66.98767,-70.02599,-74.53787,-77.16368,-72.39264,-57.6324,-75.17583,-70.52431,-63.47678
05/05/2020,-73.03743506,-81.21127,-69.6162,-74.22826,-80.14082,-76.78571,-69.37697,-70.42413,-67.68771,-70.31441,-75.2809,-77.9516,-72.09302,-62.1,-75.50914,-68.81473,-66.61491
06/05/2020,-74.2096707,-82.24101,-64.90021,-75.88228,-83.98634,-76.33069,-70.43143,-70.35079,-69.78238,-71.65118,-78.71972,-79.73411,-59.49367,-70.72491,-76.61413,-70.05445,-69.2002
07/05/2020,-76.59834097,-82.49013,-68.88183,-77.79637,-85.85744,-79.75309,-73.3417,-71.35537,-71.07558,-74.24572,-78.14241,-82.26037,-73.04965,-65.90909,-77.94008,-76.71819,-71.78147
08/05/2020,-76.529383,-82.44057,-65.59352,-78.35724,-84.03704,-76.09626,-70.98858,-72.78047,-75.36,-76.03354,-75.41689,-83.71223,-78.28283,-68.66953,-79.18044,-75.82842,-70.11701
09/05/2020,-67.80607381,-66.65765,-63.76478,-64.40708,-77.15462,-60.77348,-64.65932,-68.457,-64.48598,-71.33618,-67.48555,-72.01058,-63.93443,-65.73604,-67.49601,-66.73933,-67.96578
10/05/2020,-64.39095446,-64.36921,-58.53538,-62.92934,-73.92943,-59.77401,-63.32403,-64.42919,-50.99648,-69.53519,-67.18598,-70.62308,-73.83721,-60.22989,-67.11916,-66.13845,-63.71505
11/05/2020,-74.3725587,-81.53912,-66.92875,-73.85098,-83.61079,-80.41105,-66.59896,-72.80335,-72.07242,-75.85908,-79.06977,-78.43605,-71.77914,-67.08204,-76.89502,-74.1918,-72.36693
12/05/2020,-76.61233945,-83.11013,-71.91898,-79.24939,-84.48954,-78.9881,-71.60147,-71.8755,-74.48637,-76.18075,-78.59255,-82.0484,-76.16279,-72.3,-76.39687,-71.31761,-74.4824
13/05/2020,-75.94416305,-83.18278,-68.20372,-76.5193,-84.79003,-79.7282,-69.98852,-69.77415,-75.99001,-75.49207,-79.29642,-82.29248,-72.78481,-73.04833,-77.73259,-74.09904,-74.06855
14/05/2020,-76.31923981,-83.31539,-67.92924,-77.65296,-85.38476,-77.90123,-72.19696,-70.69421,-73.65552,-74.54471,-76.84211,-83.21071,-70.92199,-66.83884,-75.16712,-75.14863,-73.72922
15/05/2020,-73.97335433,-80.22187,-63.99474,-76.69492,-84.03704,-73.47594,-69.1217,-67.07108,-69.6,-71.71305,-70.14524,-83.10413,-74.74747,-64.97854,-73.1659,-74.48933,-70.34203
16/05/2020,-66.85278497,-68.25311,-59.59264,-67.37614,-78.6725,-59.58958,-61.12953,-63.08601,-63.63636,-71.91413,-64.2341,-73.61552,-73.22404,-68.44332,-65.55024,-67.36219,-60.5038
17/05/2020,-66.8409867,-70.57638049,-56.25927759,-64.7939156,-74.13497773,-67.00564972,-61.65027162,-66.51411137,-61.25439625,-75.49001307,-74.00194742,-70.45723762,-69.76744186,-70.57471264,-69.60784314,-68.64053378,-66.24500666
18/05/2020,-69.32010356,-77.19036453,-63.58722359,-70.33970882,-79.78898007,-71.86897881,-62.74908106,-66.82357043,-67.68104777,-65.49234768,-71.07930829,-77.29622266,-62.57668712,-53.58255452,-71.94581922,-72.48030427,-55.20951302
19/05/2020,-73.62959714,-79.7321607,-70.36247335,-75.34264122,-83.30917374,-77.85714286,-68.68661042,-68.698597,-69.06985431,-71.92051177,-73.3885275,-81.2155318,-79.65116279,-68.1,-74.59530026,-68.58457998,-64.44099379
20/05/2020,-73.34712687,-81.20315203,-65.88667125,-75.0668875,-83.3835644,-78.82219706,-67.01115486,-68.20438892,-70.35319301,-71.74685621,-72.3183391,-80.63903474,-65.82278481,-74.07063197,-73.79257753,-72.93233083,-65.77247889
21/05/2020,-74.63554581,-80.7499103,-69.72102518,-76.32648184,-84.66628852,-79.69135802,-69.69578172,-67.73553719,-69.29505814,-72.47893449,-74.11764706,-82.22971592,-59.57446809,-70.35123967,-72.31988116,-76.76575505,-65.4631829
22/05/2020,-73.04421464,-79.95245642,-63.75383268,-76.03215993,-81.11111111,-77.1657754,-66.98700276,-67.24236369,-68.256,-70.7115407,-69.93006993,-82.87959585,-66.16161616,-71.24463519,-74.42167878,-71.49341807,-62.82628263
23/05/2020,-65.79906033,-65.63007031,-59.36268068,-63.02986943,-73.65577566,-62.35201263,-60.91560595,-63.38132152,-61.59728122,-71.12976469,-61.99421965,-72.3633157,-66.66666667,-71.57360406,-64.75279107,-67.39333541,-65.16159696
24/05/2020,-66.5950283,-68.35953245,-60.26719446,-62.70853778,-72.35354573,-69.15254237,-61.53281456,-66.71751843,-59.14419695,-75.28467426,-71.66504382,-70.74153044,-79.06976744,-72.18390805,-68.28808446,-67.84820684,-71.03861518
25/05/2020,-68.60024843,-75.50628864,-63.14496314,-69.82586355,-77.93669402,-72.12588311,-60.36951054,-66.07391911,-66.10169492,-69.57840023,-68.75372689,-77.44201458,-74.23312883,-65.73208723,-68.87210211,-65.17250747,-58.21064553
26/05/2020,-72.23691966,-78.6128323,-69.36034115,-73.12668118,-81.13481052,-79.46428571,-66.94792466,-70.53701016,-68.80836758,-69.76997414,-69.42637493,-80.06752954,-73.25581395,-70.1,-66.84073107,-69.21749137,-65.89026915
27/05/2020,-72.70357781,-80.49202383,-68.63959624,-72.40412791,-81.85654008,-80.35107588,-66.80610236,-69.95034439,-67.82019265,-69.88791689,-71.51095732,-78.90738465,-75.3164557,-76.76579926,-72.19115404,-72.77676951,-66.41828117
28/05/2020,-71.75885659,-77.86149982,-68.40553413,-74.74904398,-81.14955568,-76.48148148,-67.33573781,-67.23966942,-70.16715116,-64.63712965,-68.17337461,-80.69691396,-56.02836879,-68.0785124,-68.55657341,-71.03448276,-61.80522565
29/05/2020,-68.619172,-75.08716323,-62.26456417,-71.30595393,-79.66666667,-69.83957219,-61.86687672,-62.98886669,-61.728,-61.4184232,-62.93706294,-82.16858453,-65.15151515,-61.03004292,-67.34963648,-71.10758057,-59.6759676
30/05/2020,-59.19413046,-57.08491076,-55.78186597,-57.68198891,-71.0830975,-54.14364641,-53.49235212,-54.90956072,-54.46049278,-62.32282923,-49.13294798,-70.63492063,-68.30601093,-60.23688663,-54.73684211,-62.44160698,-59.88593156
31/05/2020,-59.14702581,-62.35388956,-53.29045027,-53.2875368,-66.05001713,-61.46892655,-56.70239319,-53.54691076,-50.58616647,-65.11106963,-58.03310613,-69.03577351,-81.97674419,-65.17241379,-61.01055807,-63.26105088,-65.4460719
01/06/2020,-62.39841961,-67.87465359,-60.14742015,-63.04596061,-74.91207503,-70.45600514,-52.41826272,-57.96722455,-59.55315871,-55.29887381,-64.81812761,-76.38170974,-69.32515337,-57.94392523,-62.93305548,-62.26568867,-56.85164213
02/06/2020,-67.4530177,-72.75634619,-66.46055437,-67.70846676,-78.93973908,-75.17857143,-62.37961306,-62.50604741,-63.09301457,-58.35034708,-65.46422235,-79.61733258,-68.02325581,-66.9,-66.37075718,-65.36248562,-58.95445135
03/06/2020,-68.70524378,-76.09071689,-63.38609773,-69.7541088,-77.99879445,-73.38618347,-61.76181102,-64.27999359,-63.21798073,-62.84855112,-68.33910035,-80.82895766,-71.51898734,-70.81784387,-69.39501779,-67.77288048,-60.15896672
04/06/2020,-69.27290901,-75.31395766,-62.59922885,-70.62619503,-83.17262242,-70.43209877,-63.25858554,-62.90909091,-65.98837209,-61.89181843,-64.45820433,-81.50418966,-61.70212766,-65.18595041,-65.53602377,-72.29488704,-61.23515439
05/06/2020,-67.76159636,-74.89698891,-59.17652212,-71.56671013,-78.72222222,-70.26737968,-59.77944072,-62.70339709,-60.928,-61.51158728,-65.84185046,-81.0646459,-67.17171717,-63.09012876,-66.60057281,-67.97548797,-58.01080108
06/06/2020,-61.27604521,-63.41265549,-60.61103811,-58.21856555,-72.11216877,-59.43172849,-55.11819446,-62.21853082,-54.50297366,-60.72657218,-53.9017341,-71.83421517,-73.7704918,-64.63620981,-55.215311,-61.849891,-63.68821293
07/06/2020,-59.52670917,-62.35388956,-52.64720435,-57.58096173,-68.82494005,-63.84180791,-56.67302892,-59.72540046,-53.51699883,-60.76162031,-63.38851022,-70.24401801,-83.72093023,-51.37931034,-61.76470588,-61.59299416,-56.65778961
08/06/2020,-57.28161152,-69.51609465,-59.72972973,-56.62289466,-64.29073857,-72.57546564,-41.86496421,-45.58926081,-55.12326656,-54.33150448,-60.94215862,-75.81179589,-73.00613497,-60.22845275,-48.84084397,-66.28633523,-48.18799547
09/06/2020,-65.63403835,-72.99620228,-66.16204691,-67.24734213,-77.32449783,-73.03571429,-59.04713202,-57.84550879,-58.34889802,-57.52007622,-64.81371969,-78.5931345,-79.65116279,-66,-63.75979112,-63.95281933,-55.48654244
10/06/2020,-67.4047104,-75.26427061,-64.25785731,-68.55650401,-78.60156721,-74.46206116,-59.97375328,-62.75828928,-61.79093828,-60.57955167,-63.7254902,-80.23684505,-67.72151899,-67.47211896,-64.13319776,-67.20248898,-60.40735221
11/06/2020,-67.52560591,-74.72192321,-62.87139941,-69.37141491,-81.01720552,-73.7037037,-60.48298573,-61.20661157,-57.70348837,-58.96982876,-63.71517028,-81.3815655,-66.66666667,-67.3553719,-62.88685318,-69.84542212,-58.71733967
12/06/2020,-65.78762181,-72.10776545,-57.97196671,-69.55671447,-78.51851852,-70.58823529,-57.90468688,-59.09220668,-58.528,-57.17945732,-63.42119419,-81.2236879,-71.21212121,-62.14592275,-62.87728575,-67.56695415,-54.50045005
13/06/2020,-55.24649326,-56.84153597,-51.87253614,-54.21212663,-67.01826601,-53.11760063,-49.38496096,-52.99003322,-49.83007647,-55.16719417,-48.55491329,-69.94708995,-64.48087432,-61.92893401,-44.14673046,-56.05730302,-53.3269962
14/06/2020,-57.73097404,-63.92583636,-51.26175161,-55.59371933,-68.55087359,-60.4519774,-50.9469975,-59.67454869,-49.58968347,-60.36960986,-60.85686465,-69.60435916,-77.90697674,-67.70114943,-55.61840121,-58.25688073,-56.65778961
15/06/2020,-56.11577545,-64.4851844,-54.59459459,-58.50699401,-71.65298945,-66.08863198,-40.54942929,-56.10181311,-53.1587057,-46.05833093,-59.45140131,-70.80185553,-66.87116564,-55.86708204,-59.85933837,-54.25156208,-45.52661382
16/06/2020,-61.04478226,-68.8986608,-65.01066098,-64.07070578,-74.34251398,-68.33333333,-51.60657973,-57.2327044,-54.23982069,-47.25738397,-59.84624483,-77.03995498,-66.86046512,-53.3,-60.28720627,-56.87571922,-50.67287785
17/06/2020,-61.56440193,-69.95963867,-59.18788713,-64.1737801,-75.04520796,-69.13929785,-53.51049869,-57.40829729,-54.26328933,-47.58064516,-60.61130334,-77.13104681,-58.2278481,-49.72118959,-62.43009659,-61.23930516,-54.64480874
18/06/2020,-63.13527969,-69.19626839,-59.71875709,-66.51529637,-77.0467007,-66.60493827,-55.48063353,-56.80991736,-51.92587209,-52.18809459,-60.92879257,-79.64438994,-48.22695035,-58.26446281,-60.90616489,-64.20927467,-50.97387173
19/06/2020,-60.59684403,-68.98573693,-52.08059571,-65.27596697,-73.48148148,-66.20320856,-52.41433635,-56.90836426,-44.96,-48.0843135,-53.95373857,-77.79025166,-70.70707071,-51.75965665,-63.58228685,-60.21334544,-48.82988299
20/06/2020,-50.46132371,-49.13466739,-47.53613666,-49.15042032,-59.76331361,-47.75059195,-44.4218633,-49.81543005,-45.70943076,-50.10320627,-36.92196532,-66.41975309,-59.56284153,-54.82233503,-46.73046252,-48.42728122,-51.33079848
21/06/2020,-52.47271772,-55.74365175,-42.70163286,-51.10402355,-61.63069544,-51.63841808,-50.27161944,-52.42817188,-40.44548652,-50.40134404,-60.46738072,-67.0931059,-75.58139535,-51.03448276,-56.41025641,-55.3794829,-54.32756325
22/06/2020,-56.82365794,-63.73907482,-52.45700246,-57.80759349,-71.95779601,-68.59344894,-44.91197524,-55.07322176,-51.61787365,-44.88882472,-60.2862254,-70.82836315,-77.91411043,-46.20976116,-63.45402449,-58.48954089,-50.39637599
23/06/2020,-61.68766192,-68.5988407,-62.19616205,-63.55834507,-75.81279768,-67.67857143,-52.66342794,-60.26447347,-56.18229361,-52.14373214,-59.6096984,-73.56218346,-59.30232558,-62.1,-56.4229765,-60.98964327,-56.67701863
24/06/2020,-60.19534871,-66.69229291,-58.24730443,-63.60045866,-74.16114125,-69.02604757,-51.65682415,-54.46099632,-57.79521941,-47.02022963,-59.91926182,-74.85197185,-56.32911392,-53.53159851,-62.04880529,-58.62068966,-51.11773472
25/06/2020,-60.62466735,-66.98959455,-57.38262645,-65.11711281,-73.01947438,-64.9382716,-53.92817939,-52.42975207,-53.85174419,-47.07801033,-59.07120743,-76.18025751,-54.60992908,-45.8677686,-62.11933647,-60.87990488,-51.25890736
26/06/2020,-58.87215086,-68.12995246,-52.43101183,-64.25467188,-73.88888889,-64.06417112,-48.74359984,-50.38538396,-51.136,-47.81646675,-55.08337816,-75.09589297,-64.14141414,-53.30472103,-62.72306675,-54.58465729,-49.09990999
27/06/2020,-51.462277,-48.72904273,-51.31406045,-49.95528528,-61.38410085,-43.80426204,-43.18108889,-49.33554817,-44.3075616,-51.78202835,-51.15606936,-67.24867725,-69.3989071,-53.63790186,-51.83413078,-52.35129243,-48.90684411
28/06/2020,-54.38546219,-57.47682386,-47.8476002,-53.23846909,-65.98150051,-53.55932203,-46.49831155,-53.3180778,-47.8898007,-57.62553668,-56.18305745,-69.22530206,-61.04651163,-58.3908046,-58.67269985,-56.5471226,-51.53129161
29/06/2020,-51.56018498,-60.1790663,-52.11302211,-56.36597202,-67.17467761,-59.92292871,-37.81195589,-46.35634589,-48.34360555,-41.30811435,-56.64877758,-68.28363154,-57.05521472,-33.74870197,-54.41521229,-50.55691388,-34.37146093
30/06/2020,-51.55099859,-60.30381771,-58.05970149,-59.15204304,-65.99710085,-62.26190476,-33.93846416,-46.76665054,-44.22861412,-40.95549204,-49.79302188,-71.29994373,-55.81395349,-41.8,-51.46214099,-45.13808976,-36.80124224
01/07/2020,-48.27961468,-59.08129925,-51.04381739,-58.46604663,-69.41932891,-56.73839185,-19.15190289,-44.25756848,-46.05779522,-37.23346091,-53.40253749,-70.86359066,-47.46835443,-44.88847584,-49.54245043,-48.48327716,-41.28166915
02/07/2020,-53.93402827,-61.94833154,-51.984577,-60.74330784,-69.04896956,-58.7037037,-44.94276305,-43.2231405,-43.56831395,-40.40500136,-50.34055728,-73.74821173,-44.68085106,-40.08264463,-50.75513741,-51.51010702,-42.75534442
03/07/2020,-50.1532663,-58.65293185,-46.91195795,-57.33376793,-65.64814815,-54.59893048,-40.26782198,-40.32258065,-33.408,-36.82310469,-50.94136633,-71.2508186,-52.02020202,-36.90987124,-53.09539546,-42.37403541,-38.11881188
04/07/2020,-44.20536565,-39.07517577,-41.55716163,-45.60901449,-56.0072035,-44.90923441,-37.75804899,-39.6271687,-37.51062022,-40.26420806,-35.26011561,-64.19753086,-54.64480874,-46.02368866,-43.476874,-43.25755216,-45.24715
05/07/2020,-44.21281372,-45.10278,-39.04008,-45.65751,-56.11511,-49.9435,-42.29922,-41.72387,-29.83587,-41.14243,-41.09056,-64.77138,-66.27907,-52.29885,-49.01961,-42.66055,-35.75233
06/07/2020,-49.29735554,-56.21403,-49.2629,-53.89666,-65.06448,-58.89531,-39.05011,-40.76011,-40.1772,-40.99047,-51.04353,-68.11133,-42.94479,-36.86397,-52.27924,-45.53111,-26.61382
07/07/2020,-52.86143133,-60.04397,-57.5693,-58.92148,-67.44668,-62.7381,-37.89312,-45.92808,-43.59357,-41.47271,-53.6369,-72.41418,-62.7907,-54.4,-54.98695,-45.36824,-39.59627
08/07/2020,-50.82559686,-60.73419,-53.84262,-53.76481,-67.69138,-61.77803,-32.69357,-48.32613,-48.16268,-37.23346,-48.73126,-70.78539,-60.12658,-54.83271,-52.4911,-48.74255,-37.50621
09/07/2020,-50.16161905,-56.40474,-47.62985,-57.05067,-64.39781,-57.59259,-47.94574,-41.40496,-38.0814,-28.32291,-45.0774,-71.51032,-41.13475,-45.55785,-43.27804,-44.58977,-32.49406
10/07/2020,-39.93392254,-51.74326,-32.30399,-49.34811,-49.5,-48.18182,-35.25798,-25.42107,-28.992,-19.04041,-39.86014,-68.60324,-36.36364,-23.69099,-38.55475,-24.6936,-25.51755
11/07/2020,-28.40800763,-28.9616,-26.0184,-28.56376,-37.35529,-28.80821,-28.05648,-18.36471,-21.36788,-19.77432,-33.88728,-57.53086,-27.86885,-29.94924,-24.49761,-13.60947,-24.3346
12/07/2020,-28.00343864,-34.3813,-18.06037,-28.75368,-30.35286,-45.08475,-33.7689,-9.890669,-27.31536,-25.48068,-25.41383,-53.3286,-56.39535,-32.87356,-31.78733,-24.27023,-24.36751
13/07/2020,-38.43367904,-45.66191,-35.20885,-44.77591,-45.29894,-48.55491,-35.27762,-25.43584,-32.24191,-21.54202,-45.25939,-64.82439,-33.74233,-24.09138,-38.00469,-29.82885,-19.93205
14/07/2020,-41.82418818,-50.72956,-44.00853,-49.44281,-51.8948,-56.42857,-40.63752,-29.80164,-22.56257,-21.35566,-46.06742,-67.7659,-12.7907,-28.8,-40.65274,-19.62025,-23.706
15/07/2020,-33.67548468,-46.99212,-31.3604,-40.55294,-47.79988,-44.45074,-32.93963,-15.28111,-22.11916,-7.189721,-42.79123,-63.15495,0,-22.49071,-30.14743,-17.18953,-15.10184
16/07/2020,-35.56268093,-48.47506,-31.02744,-42.57887,-48.15655,-47.83951,-37.9724,-12.49587,-21.98401,-11.11715,-34.67492,-64.90905,-2.12766,-3.409091,-27.50681,-21.73603,-21.14014
17/07/2020,-35.12362687,-49.6038,-28.58081,-43.95915,-50.35185,-43.90374,-31.22489,-14.23066,-21.632,-12.96145,-38.46154,-65.05754,-11.61616,-20.42918,-34.52302,-17.40808,-18.58686
18/07/2020,-22.60826638,-18.52353,-17.24704,-26.54266,-33.57345,-20.44199,-23.47845,-13.03064,-16.48258,-11.42149,-27.67341,-52.85714,-38.79781,-31.38748,-15.11962,-4.578013,-21.91065
19/07/2020,-28.94667717,-38.1700927,-16.82335477,-33.02257115,-35.35457348,-39.3220339,-33.10820731,-15.78947368,-14.77139508,-25.57401531,-34.37195716,-54.37100213,-52.3255814,-31.6091954,-32.50377074,-22.97748123,-22.56990679
20/07/2020,-24.80432212,-44.53208271,-21.44963145,-29.74593206,-36.014068,-50.61014772,-21.55155736,-14.22594142,-22.53466872,-0.4,-37.62671437,-54.97680583,-19.63190184,-0.4,-30.99765564,-12.79543602,-0.4
21/07/2020,-35.97247543,-49.31041375,-43.17697228,-39.54143717,-50.77655829,-49.10714286,-34.09187761,-21.70617642,-25.58834516,-13.62460868,-44.17504435,-60.0450197,-20.34883721,-15.2,-35.06527415,-11.65132336,-17.49482402
22/07/2020,-35.83318778,-49.29848165,-33.49392062,-41.58491528,-49.44745831,-47.56511891,-30.16732283,-22.21688291,-31.46628612,-9.294696555,-38.4083045,-63.03206346,-31.64556962,-28.71747212,-35.40925267,-24.81203008,-21.7088922
23/07/2020,-40.38009684,-50.73555795,-38.28532547,-47.15583174,-57.23199092,-46.2345679,-37.1099263,-20.24793388,-26.30813953,-18.17069856,-43.21981424,-67.1060699,-9.929078014,-21.17768595,-35.99900966,-32.74673008,-25.36817102
24/07/2020,-38.07325771,-49.50871632,-31.25273763,-46.61016949,-48.44444444,-45.02673797,-34.3836156,-24.42192407,-22.688,-16.44346105,-37.76223776,-67.05959398,-38.38383838,-12.27467811,-39.43599912,-24.28506582,-21.42214221
25/07/2020,-25.14810023,-23.66143862,-21.91195795,-24.9686997,-33.26472858,-22.96764009,-28.67686384,-14.72868217,-14.40101954,-18.2055869,-24.06069364,-51.88712522,-32.78688525,-22.25042301,-11.2599681,-16.94176269,-29.23003802
26/07/2020,-24.35943358,-34.22007255,-12.27115289,-28.04219823,-32.47687564,-33.22033898,-31.03802672,-10.37376049,-13.42321219,-19.60052268,-27.75073028,-50.95948827,-63.37209302,-21.37931034,-19.98491704,-19.80817348,-22.3701731
27/07/2020,-34.44379593,-46.40801535,-35.38083538,-40.29403369,-48.30011723,-49.58253051,-30.57651383,-16.73640167,-26.84899846,-18.25007219,-38.163387,-58.91318754,-31.28834356,-12.77258567,-29.46079708,-28.60635697,-12.34428086
28/07/2020,-38.34660672,-46.99180492,-43.6673774,-45.75381068,-48.87140195,-54.22619048,-33.94698713,-22.89953233,-29.51064625,-18.2523479,-39.73979894,-65.23353967,-27.3255814,-24.7,-33.34203655,-21.69159954,-21.01449275
29/07/2020,-36.53988258,-48.10686143,-35.46685019,-43.58517009,-50.93429777,-48.6409966,-31.94717848,-21.06359122,-29.25437032,-14.28376162,-41.92618224,-62.17182438,-24.05063291,-25.74349442,-36.50228775,-18.74513871,-24.44113264
30/07/2020,-35.25372243,-48.04449229,-30.32433658,-40.91778203,-51.67328417,-45.74074074,-34.16967226,-18.19834711,-17.73255814,-11.81027453,-35.35603715,-63.30472103,-0.4,-15.70247934,-28.37335974,-22.14030916,-20.85510689
31/07/2020,-27.85749216,-41.25198098,-11.43232589,-36.10386788,-38.7037037,-36.4171123,-28.4442694,-11.2760491,-8.352,-1.117969023,-36.41742873,-60.75404622,-4.545454545,-0.4,-29.78629654,-12.66454834,-16.29162916
01/08/2020,-19.76882745,-17.68523526,-10.77529566,-24.77195493,-32.59583226,-15.46961326,-24.68713231,-9.597637505,-10.83262532,-11.22884271,-13.87283237,-47.88359788,-41.53005464,-16.41285956,-8.133971292,-0.4,-21.53041825
02/08/2020,-22.54220694,-23.01491334,-12.12271153,-29.78410206,-33.05926687,-24.06779661,-31.78681545,-9.992372235,-16.11957796,-14.78439425,-20.05842259,-53.44705046,-41.86046512,-12.4137931,-17.26998492,-18.84904087,-13.91478029
03/08/2020,-26.61668088,-34.150501,-21.990172,-33.899515,-39.01524,-44.508671,-21.387115,-11.506276,-20.993837,-10.958706,-36.434109,-57.349238,-42.944785,-0.4,-23.782235,-19.532736,-0.4
04/08/2020,-31.71768125,-37.21767,-34.30704,-40.14346,-44.02568,-46.54762,-31.79068,-21.39977,-17.63168,-13.59739,-35.77765,-58.98706,-20.34884,0,-22.7154,-15.50633,-0.4
05/08/2020,-32.56841907,-43.74399385,-27.68983712,-40.62937954,-50.33152502,-45.30011325,-30.30675853,-18.69293609,-27.29218694,-6.61563696,-40.65743945,-59.80337392,-19.62025316,-18.02973978,-21.98779868,-21.05263158,-9.58768008
06/08/2020,-34.6176314,-47.12952996,-24.26854162,-41.73040153,-51.14388353,-48.58024691,-34.64795358,-18.89256198,-18.02325581,-14.8409894,-33.93188854,-63.05947272,-0.4,-0.4,-24.6843278,-26.25445898,-3.08788599
07/08/2020,-34.39605921,-46.76703645,-20.78405607,-42.31855715,-49.03703704,-43.47593583,-31.43757385,-20.52526406,-17.632,-13.86980319,-32.92092523,-64.23425952,-20.2020202,-11.84549356,-32.31989425,-20.04085338,-18.18181818
08/08/2020,-22.10778973,-22.63385614,-14.02759527,-23.18011089,-30.66632364,-26.51933702,-23.07198631,-8.80398671,-15.37807986,-17.62763176,-26.37283237,-52.15167549,-22.95081967,-22.25042301,-10.84529506,-7.44316412,-19.77186312
09/08/2020,-19.97516537,-29.42361951,-1.68233548,-25,-31.14080164,-33.78531073,-29.81940978,-5.08517671,-10.02344666,-14.9710659,-18.88997079,-46.03174603,-51.1627907,-22.18390805,-11.53846154,-14.30358632,-17.11051931
10/08/2020,-27.27218306,-37.09230441,-21.37592138,-33.47131031,-40.9144197,-44.12331407,-21.4644999,-13.82496513,-15.36979969,-11.9693907,-31.24627311,-58.68787276,-31.28834356,-0.4,-22.1932795,-19.77723445,-0.84937712
11/08/2020,-30.31129631,-39.89606236,-26.16204691,-39.97694377,-44.37771795,-45.5952381,-25.64561493,-16.67472988,-20.20918939,-10.5893562,-35.65937315,-59.22341024,-25.58139535,-17.9,-23.05483029,-9.83889528,-9.57556936
12/08/2020,-32.97685104,-43.66711513,-26.01514109,-39.10052236,-48.20172795,-49.09399773,-30.62664042,-17.87602114,-28.79058152,-11.83706944,-43.36793541,-59.24477712,-10.75949367,-20.72490706,-30.37620742,-14.0782992,-12.31992052
13/08/2020,-33.99192554,-46.03516326,-23.42934906,-41.06118547,-50.29306107,-49.81481481,-31.75474361,-13.9338843,-21.91133721,-11.0084262,-31.51702786,-64.26527693,-28.36879433,-11.36363636,-31.07204754,-23.37693222,-9.0736342
14/08/2020,-25.34798011,-38.55784469,-19.09767849,-36.33202955,-39.01851852,-41.55080214,-23.45017724,-5.50956323,-5.088,-5.33364388,-24.26035503,-59.49106558,-0.4,-0.4,-24.05816259,-0.11348162,-0.4
15/08/2020,-11.66587226,-8.03136831,-13.20630749,-14.23716688,-18.21456136,-4.89344909,-18.40838592,-0.4,-7.05182668,-5.28416128,-5.56358382,-44.47971781,-12.02185792,-13.11336717,-0.4,-0.4,-8.69771863
16/08/2020,-14.10081907,-21.03990326,-10.14349332,-21.12365064,-13.9088729,-16.27118644,-17.48641903,-3.17823544,-2.46189918,-6.75751353,-21.61635833,-47.92703151,-48.8372093,-23.79310345,-6.56108597,-18.01501251,-3.92809587
17/08/2020,-25.71424295,-36.11170326,-28.35380835,-33.02883243,-36.34232122,-43.93063584,-18.83343006,-11.73291492,-15.02311248,-8.85070748,-33.27370304,-54.20808482,-27.60736196,-0.4,-23.78223496,-16.81608259,-0.22650057
18/08/2020,-44.99609338,-51.32920248,-52.72921109,-45.01088766,-56.69910955,-59.88095238,-37.6885707,-42.7189163,-32.98468435,-29.426977,-48.07806032,-61.95835678,-54.06976744,-42.5,-43.91644909,-33.94706559,-36.9047619
19/08/2020,-30.47117464,-37.55525658,-34.34273916,-33.99159129,-46.49387181,-39.63759909,-26.97670604,-21.31987826,-19.72886193,-7.20338983,-32.23760092,-58.67500838,-31.64556962,-27.41635688,-19.82714794,-12.05600207,-22.15598609
20/08/2020,-31.23986,-42.375314,-32.7511907,-33.3293499,-48.7048591,-39.5679012,-30.821703,-19.107438,-19.5130814,-7.5020386,-26.996904,-60.688739,-2.8368794,-0.4,-17.801436,-17.1938169,-14.9168646
21/08/2020,-31.97242,-46.481775,-26.456417,-39.0699696,-44.6296296,-43.7967914,-25.3643167,-20.5680845,-20.896,-10.4460231,-32.9747176,-60.407896,-42.9292929,-20.5150215,-29.433796,-12.8461189,-14.9864986
22/08/2020,-18.44784,-18.3612764,-20.9592641,-17.7070292,-33.213275,-15.6274665,-17.3280565,-16.2052418,-8.411215,-10.444475,-14.1618497,-44.2857143,-34.4262295,-31.0490694,-0.861244,-2.7717222,-16.0646388
23/08/2020,-19.29937675,-26.03788795,-13.75556655,-19.52894995,-25.59095581,-24.97175141,-26.61870504,-14.13679125,-9.14419695,-10.58428225,-21.90847128,-49.23004027,-47.6744186,-28.16091954,-9.80392157,-15.84653878,-12.38348868
24/08/2020,-29.31651177,-38.62715839,-26.63390663,-33.59977162,-43.7045721,-39.56326268,-18.34010447,-17.17224547,-26.92604006,-21.88853595,-36.6129994,-51.96819085,-38.65030675,-15.16095535,-33.86298515,-11.92610704,-15.85503964
25/08/2020,-31.74235467,-41.23525884,-37.76119403,-39.59267324,-46.30358252,-44.88095238,-25.55186227,-18.57764877,-20.50803138,-17.13624609,-37.31519811,-55.57681486,-34.30232558,-13.6,-27.51958225,-5.26467204,-14.64803313
26/08/2020,-32.13849068,-43.35960023,-29.47923836,-36.55242706,-47.7596946,-44.16761042,-25.38549869,-17.47557264,-29.07599001,-11.44067797,-45.32871972,-57.89297285,-31.64556962,-23.69888476,-32.38434164,-11.17448794,-26.72627919
27/08/2020,-32.63666221,-43.50556154,-30.95940122,-37.11759082,-50.25524674,-44.69135802,-29.09675396,-19.02479339,-18.31395349,-13.88964392,-28.17337461,-57.23482526,-27.65957447,-18.59504132,-25.10522407,-17.12247325,-22.13776722
28/08/2020,-27.9505254,-39.57210777,-22.16381954,-34.30030422,-42.31481481,-31.28342246,-19.18865695,-16.14330574,-11.552,-13.52043787,-28.29478214,-54.85078118,-34.34343434,-22.66094421,-29.45582727,-6.99046754,-19.9369937
29/08/2020,-12.29231922,-12.73661439,-9.52693824,-14.21928099,-27.60483663,-13.89108129,-14.33308375,-0.4,-0.4,-7.30700427,-15.39017341,-40.17636684,-38.25136612,-25.46531303,-4.62519936,-0.4,-2.42395437
30/08/2020,-16.22609069,-19.5082628,-6.23453736,-21.12365064,-26.24186365,-21.5819209,-22.55175451,-2.54258835,-0.4,-15.13907038,-20.05842259,-43.21250888,-48.25581395,-19.88505747,-17.19457014,-9.46622185,-7.98934754
31/08/2020,-23.88841497,-26.00724792,-29.60687961,-29.70311162,-36.38921454,-36.48041105,-16.72470497,-14.06903766,-16.44838213,-7.11810569,-36.19558736,-49.98011928,-21.47239264,-8.30737279,-23.26126595,-12.57810378,-1.75537939
01/09/2020,-30.13584088,-35.67859284,-40.85287846,-34.82771871,-41.76848209,-38.27380952,-25.17685162,-19.23883245,-20.91893911,-11.50129304,-38.14311059,-52.36916151,-29.06976744,-15.6,-31.9843342,-11.88147296,-10.92132505
02/09/2020,-29.61400492,-39.30424755,-31.2686396,-32.78124602,-47.33775367,-40.43035108,-20.11975066,-18.14832613,-28.93328577,-14.06506288,-39.56170704,-50.06144565,-31.64556962,-25.0929368,-31.90137265,-15.93155302,-11.77347243
03/09/2020,-30.98412369,-42.26767133,-31.00476298,-35.81500956,-49.34770278,-46.60493827,-21.73435785,-8.01652893,-23.80087209,-15.11280239,-40.24767802,-56.59104844,-18.43971631,-7.54132231,-29.09135925,-20.76099881,-20.14251781
04/09/2020,-32.92064742,-44.83359746,-29.58826106,-38.52672751,-44.72222222,-39.35828877,-24.05671524,-17.05680845,-20.96,-19.72749505,-34.53469607,-59.21040322,-27.77777778,-21.63090129,-35.22802379,-19.35996369,-17.82178218
05/09/2020,-19.3738935,-16.57652785,-21.15637319,-20.6224289,-27.34756882,-13.18074191,-15.17809391,-12.95681063,-16.73746814,-21.26049264,-20.73699422,-43.08641975,-32.78688525,-24.95769882,-7.40031898,-0.4,-17.68060837
06/09/2020,-24.4859947,-33.65578396,-16.18010886,-23.69970559,-31.44912641,-32.09039548,-27.00044046,-10.62801932,-23.79835873,-23.18461826,-34.56669912,-47.76119403,-51.74418605,-19.65517241,-29.75113122,-20.97581318,-16.64447403
07/09/2020,-27.92469208,-36.36751226,-29.09090909,-33.20011419,-41.45369285,-39.75594091,-16.05726446,-17.15481172,-28.1587057,-19.27519492,-42.87418008,-49.68853545,-22.08588957,-0.4,-27.35087262,-19.15240424,-5.945639864
08/09/2020,-31.87394624,-39.19648211,-41.57782516,-37.65851159,-46.42783185,-49.04761905,-22.14267451,-21.35139494,-24.54239821,-11.95045597,-43.52454169,-53.44963421,-43.60465116,-19.5,-30.18276762,-16.858458,-19.82401656
09/09/2020,-31.47075815,-43.0905247,-30.12158752,-34.3610651,-47.41812337,-43.14835787,-23.72867454,-16.8188371,-28.75490546,-12.04209951,-41.34948097,-53.29013518,-25.3164557,-23.42007435,-35.51093035,-19.83406793,-23.79533035
10/09/2020,-28.02045876,-39.48690348,-26.94488546,-30.49713193,-45.9633201,-41.91358025,-20.11133762,-14.39669421,-13.33575581,-8.793150313,-33.74613003,-52.08461067,-0.4,-7.438016529,-24.93191384,-23.97146254,-17.81472684
11/09/2020,-27.11441896,-38.39936609,-25.14235655,-36.2125163,-40.2962963,-34.38502674,-13.32020481,-18.94090779,-8.192,-9.654128334,-34.53469607,-53.4006923,-14.14141414,-13.21888412,-29.5659837,-15.38810713,-15.97659766
12/09/2020,-12.0454855,-12.1957815,-15.34165572,-9.407977106,-27.91355801,-10.97079716,-4.000427853,-0.406053894,-8.326253186,-12.02697124,-23.62716763,-36.94885362,-18.03278689,-24.4500846,-3.22169059,-0.4,-11.31178707
13/09/2020,-19.83427657,-30.39097138,-17.46660069,-20.82924436,-28.77697842,-30.62146893,-17.67728674,-9.255021612,-11.25439625,-15.7550868,-30.18500487,-50.13030088,-32.55813953,-29.54022989,-24.01960784,-12.67723103,-7.256990679
14/09/2020,-22.57441746,-38.9042848,-31.54791155,-29.6460177,-36.13130129,-36.8657675,-6.751789514,-8.891213389,-14.63790447,-11.73837713,-34.46630888,-47.63419483,-9.81595092,-0.4,-22.32352175,-14.50692747,-0.4
15/09/2020,-32.50311845,-37.17769338,-49.76545842,-40.2203151,-36.34292814,-44.58333333,-41.95857837,-28.20512821,-15.76391483,-0.4,-27.97161443,-56.70230726,-28.48837209,-0.4,-22.06266319,-26.75489068,-8.695652174
16/09/2020,-71.21629429,-81.14549,-79.83482,-59.31966,-53.38557,-78.53907,-73.46621,-74.91591,-75.63325,-64.14707,-81.94925,-82.9628,-75.94937,-64.03346,-58.49009,-73.08789,-68.65375
17/09/2020,-43.90585853,-54.23394331,-45.47516444,-44.15630975,-57.91264889,-45,-30.53943861,-34.94214876,-39.13517442,-32.84860016,-52.0123839,-64.00980993,-58.86524823,-30.88842975,-47.70982917,-39.12009512,-35.43942993
18/09/2020,-31.89489629,-47.27416799,-37.51642576,-34.96305954,-40.2962963,-41.97860963,-15.58093738,-23.42278047,-21.312,-16.18725981,-44.05594406,-57.00252596,-42.92929293,-10.72961373,-37.29896453,-25.8284158,-10.71107111
19/09/2020,-28.66165055,-31.07084911,-36.53088042,-20.24682525,-40.82840237,-31.09707972,-9.744357685,-25.72905131,-32.45539507,-33.2599422,-40.96820809,-48.73015873,-61.20218579,-35.61759729,-25.29505582,-24.94549984,-24.7148289
20/09/2020,-32.70530363,-40.70939137,-32.21177635,-29.7595682,-41.6923604,-48.13559322,-27.13257965,-20.82379863,-34.93552169,-31.09949599,-47.12755599,-53.63657901,-64.53488372,-37.01149425,-40.38461538,-30.19182652,-28.49533955
21/09/2020,-35.22800401,-43.97782989,-39.55773956,-40.6365972,-49.05041032,-53.37186898,-15.4188431,-26.08089261,-33.82126348,-29.36760035,-54.26356589,-51.96819085,-55.21472393,-10.38421599,-40.29695233,-32.46400435,-18.74292186
22/09/2020,-40.7385577,-51.12932241,-52.19616205,-43.20481619,-52.28825844,-57.08333333,-24.42683031,-34.92985002,-34.55360478,-33.36055533,-55.11531638,-57.24254361,-48.25581395,-22.5,-40.54830287,-30.20713464,-26.91511387
23/09/2020,-38.09299888,-54.02652316,-43.08327598,-41.30462479,-54.37010247,-58.09739524,-22.24409449,-32.48438251,-40.24259722,-29.56533625,-54.61361015,-56.44062116,-61.39240506,-29.55390335,-36.17183528,-30.36038372,-0.4
24/09/2020,-39.78814274,-53.49838536,-40.87094579,-42.0291587,-54.69843071,-58.08641975,-22.31456798,-27.48760331,-37.28197674,-30.57896167,-51.76470588,-59.93255671,-55.31914894,-25.51652893,-42.80762565,-34.10225922,-25.70071259
25/09/2020,-33.89868919,-49.27099842,-37.91064389,-40.3085615,-45.40740741,-49.03743316,-13.20992517,-26.69140737,-23.68,-22.84849191,-39.75255514,-55.39339508,-47.47474747,-27.8111588,-33.17911434,-29.77757603,-16.06660666
26/09/2020,-25.71666894,-29.61060032,-38.46911958,-24.23537829,-32.57010548,-34.88555643,-3.839982886,-24.54780362,-27.99490229,-29.83349388,-41.04046243,-45.1675485,-51.91256831,-33.67174281,-19.33014354,-16.69261912,-23.66920152
27/09/2020,-28.96339279,-37.52519146,-33.34982682,-29.80863592,-30.55841041,-38.6440678,-18.10306857,-26.49377066,-24.79484174,-33.35822289,-37.39045764,-54.18147358,-62.20930233,-35.05747126,-32.6546003,-25.35446205,-12.45006658
28/09/2020,-33.98883551,-49.11532722,-43.02211302,-31.68712532,-45.50996483,-52.92228645,-9.092667827,-29.9511855,-26.23266564,-26.53768409,-54.74060823,-56.35520212,-36.19631902,-20.4569055,-39.77598333,-32.79000272,-18.91279728
29/09/2020,-34.4728798,-45.47271637,-48.74200426,-37.01806071,-48.51936219,-53.86904762,-17.48913321,-31.31752943,-18.71497945,-26.37811352,-49.67474867,-52.00900394,-38.37209302,-29.6,-33.73368146,-19.41887227,-11.7494824
30/09/2020,-35.5523908,-46.79992312,-40.42211516,-35.91540324,-49.16616436,-53.39750849,-19.85728346,-30.01761973,-35.31930075,-23.25041006,-49.94232987,-55.77030499,-31.64556962,-30.01858736,-37.26487036,-26.28986259,-17.83407849
01/10/2020,-35.07457843,-46.57337639,-38.17192107,-37.82265774,-49.99054642,-48.88888889,-21.65595107,-24.72727273,-27.3255814,-26.52894808,-41.05263158,-55.84508482,-46.80851064,-22.62396694,-33.02797722,-23.7098692,-20.52256532
02/10/2020,-29.52016317,-42.02852615,-30.90232151,-30.87787918,-41.38888889,-41.3368984,-12.58763293,-20.5680845,-20.672,-21.07837429,-45.45454545,-53.68135466,-39.8989899,-22.74678112,-27.60519938,-24.05810259,-4.590459046
03/10/2020,-23.71135776,-25.47322877,-35.47963206,-21.94598462,-34.47388732,-25.57221784,-1.497486362,-23.36655592,-29.90654206,-30.52153571,-40.46242775,-41.5696649,-57.92349727,-39.84771574,-15.0877193,-11.80317658,-16.25475285
04/10/2020,-30.47496239,-43.3293027,-30.38099951,-29.31795878,-35.76567318,-41.46892655,-26.9710762,-23.29010933,-27.19812427,-31.58484226,-41.28529698,-52.04927742,-42.44186047,-32.64367816,-28.77073906,-26.85571309,-21.77097204
05/10/2020,-33.89155779,-46.36538052,-39.8034398,-34.95575221,-44.19695193,-48.61913937,-17.45018379,-26.65620642,-30.58551618,-27.40398498,-47.76386404,-52.14049039,-42.33128834,-25.75285566,-36.38968481,-28.85085575,-12.57078143
06/10/2020,-35.98344139,-45.29282431,-43.09168443,-36.26232868,-47.38041002,-56.42857143,-25.31321913,-30.20480568,-23.90735898,-26.28283653,-50.14784151,-55.3179516,-25.58139535,-28.2,-36.44908616,-16.13924051,-22.61904762
07/10/2020,-36.4794239,-52.10455506,-43.22092223,-34.10625557,-49.68856741,-53.96375991,-25.20505249,-31.18692936,-30.71708883,-20.70803718,-50.40369089,-54.76483075,-30.37974684,-33.55018587,-33.85866802,-26.03059373,-26.67660209
08/10/2020,-37.23858606,-51.90169,-39.94103,-36.67543,-51.12498,-54.01235,-26.28195,-25.86777,-25.36337,-26.39304,-47.55418,-56.42755,-29.07801,-25.51653,-36.2466,-28.9893,-26.88836
09/10/2020,-30.97172028,-44.97622821,-34.16557162,-31.74706649,-41.74074074,-49.94652406,-15.37613234,-22.03825293,-18.752,-25.00291138,-43.302851,-52.9329217,-29.29292929,-29.27038627,-30.88786076,-17.86200635,-8.055805581
10/10/2020,-22.15715648,-24.95943753,-33.37713535,-19.51350385,-31.38667353,-32.35990529,-10.96373944,-20.67183463,-23.8317757,-24.32915921,-26.44508671,-29.36507937,-45.90163934,-37.56345178,-16.33173844,-12.67517907,-19.20152091
11/10/2020,-30.33168565,-37.80733575,-31.17268679,-27.47791953,-31.24357657,-37.17514124,-31.87490824,-19.60335622,-33.99765533,-30.1474706,-38.94839338,-49.41956882,-55.81395349,-37.24137931,-36.19909502,-24.85404504,-21.77097204
12/10/2020,-34.33604214,-47.3886165,-42.40786241,-35.24122181,-46.23681125,-54.46371227,-17.64364481,-24.75592748,-26.19414484,-26.52324574,-52.95169946,-49.30417495,-39.87730061,-27.41433022,-42.64131284,-25.7267047,-23.95243488
13/10/2020,-37.04988143,-46.87187687,-48.63539446,-37.86345587,-48.49865397,-59.64285714,-25.77345947,-28.60828899,-25.55098991,-25.49339867,-51.44884684,-52.11029826,-18.60465116,-34,-38.72062663,-25.2589183,-26.6563147
14/10/2020,-30.48595343,-42.30251778,-36.24684561,-32.16970315,-45.6098051,-52.3216308,-14.65715223,-24.82780714,-33.28576525,-14.85784582,-50.51903114,-47.1679142,-6.329113924,-29.83271375,-37.36654804,-14.90795955,-17.83407849
15/10/2020,-29.12128568,-41.37064944,-33.93059651,-30.73613767,-43.92134619,-51.79012346,-15.69703622,-20.41322314,-21.43895349,-17.51834738,-41.42414861,-48.71244635,0,-20.04132231,-29.93315177,-13.84066587,-16.95961995
16/10/2020,-27.03212032,-42.18700475,-28.84362681,-29.30247718,-36.96296296,-48.02139037,-12.46947617,-16.30031402,-14.752,-17.67788518,-41.58149543,-49.48077463,0,-12.78969957,-30.77770434,-13.86745347,-7.695769577
17/10/2020,-17.13366471,-18.06381828,-24.77003942,-14.36236809,-27.50192951,-25.65114444,-7.134452883,-10.7788852,-17.75700935,-17.90284849,-40.60693642,-34.81481481,-16.39344262,-23.60406091,-7.974481659,-3.145437558,-13.30798479
18/10/2020,-20.30231392,-30.39097138,-27.16476992,-22.22767419,-24.87153135,-31.52542373,-21.23036265,-13.11975591,-24.85345838,-15.41907784,-26.4849075,-43.78109453,-36.62790698,-22.4137931,-18.17496229,-15.38782319,-0.066577896
19/10/2020,-31.06900732,-39.8209337,-36.73218673,-34.41335998,-37.67878077,-52.98651252,-17.19868447,-22.55927476,-25.38520801,-23.43343921,-47.64460346,-47.05102717,-13.49693252,-12.56490135,-34.72258401,-26.48736756,-22.65005663
20/10/2020,-33.02948474,-43.87368,-41.89765,-37.94031,-43.34231,-52.67857,-21.40118,-23.49621,-26.78371,-21.2876,-50.26611,-50.72594,-37.2093,-27.9,-33.57702,-11.8527,-18.06418
21/10/2020,-30.61090137,-39.32346723,-39.84858913,-33.03605555,-38.55736387,-48.35787089,-19.79986877,-23.9308025,-31.14520157,-16.7304538,-50.28835063,-47.99463747,-20.25316456,-28.99628253,-28.29181495,-12.26341716,-26.42821659
22/10/2020,-31.56309634,-40.15069968,-36.42549331,-29.89961759,-39.59160522,-51.41975309,-24.07087972,-23.90082645,-27.3255814,-17.70861647,-45.26315789,-50.48027795,-5.673758865,-22.62396694,-28.24956672,-22.02140309,-23.99049881
23/10/2020,-25.47202443,-42.2503962,-27.52956636,-24.67405476,-33.92592593,-44.59893048,-6.443481686,-18.17013988,-14.432,-15.31384651,-41.58149543,-47.67518009,-21.21212121,-24.12017167,-33.31130205,-14.07172038,-14.13141314
24/10/2020,-16.30634618,-17.98269335,-28.25229961,-11.71525666,-24.13172112,-18.94238358,-9.819232003,-14.74713917,-18.9039932,-13.74707582,-33.52601156,-30.45855379,-28.41530055,-25.63451777,-11.64274322,-0.4,-9.743346008
25/10/2020,-20.24739117,-28.41596131,-22.85997031,-16.06967615,-21.68550874,-35.70621469,-25.60563794,-12.50953471,-26.43610785,-21.54190778,-34.07984421,-40.63018242,-22.6744186,-22.87356322,-20.36199095,-10.88407006,-0.4
26/10/2020,-27.36197788,-40.92943935,-36.06879607,-25.3211533,-37.6084408,-50.54592164,-10.36951054,-18.42747559,-32.08782743,-17.18163442,-46.86940966,-44.62557985,-17.79141104,-13.70716511,-36.07710341,-20.53789731,-6.964892412
27/10/2020,-31.96989843,-40.65560664,-44.58422175,-31.86883566,-42.47256161,-53.63095238,-24.92116253,-23.88324464,-26.48487112,-18.00734994,-51.15316381,-49.26280248,-0.581395349,-21.7,-30.9921671,-10.73072497,-15.57971014
28/10/2020,-30.36503607,-44.14760715,-35.26038082,-29.54516499,-40.70725337,-49.71687429,-23.72867454,-19.20551017,-30.2889761,-11.08529251,-48.44290657,-49.96089822,-0.4,-27.88104089,-30.60498221,-18.69328494,-13.61152509
29/10/2020,-29.54188465,-44.67168999,-33.88523475,-27.96367113,-43.08943089,-49.50617284,-21.69515446,-15.50413223,-18.20494186,-14.06632237,-44.89164087,-50.84815042,-0.4,-12.08677686,-31.24535776,-20.61831153,-9.691211401
30/10/2020,-20.15123865,-36.90967,-21.44109,-22.4359,-31.09259,-32.94118,-13.13115,-3.696831,-10.08,-4.215675,-33.88919,-46.35607,-0.4,-3.60515,-24.0141,-2.995915,-0.4
31/10/2020,-7.067955876,-4.759329367,-20.40078844,-9.819352531,-4.990995626,-13.02288871,-8.225478661,3.19306017,-2.761257434,-3.412687491,-13.29479769,-34.97354497,11.47540984,-2.707275804,0.797448166,8.813453753,15.77946768
01/11/2020,-23.77438689,-29.74607013,-32.80554181,-24.828263,-17.26618705,-39.7740113,-29.33489943,-11.23824053,-22.97772567,-20.16053761,-32.61927945,-50.74626866,-36.04651163,-19.08045977,-30.35444947,-8.965804837,-13.58189081
02/11/2020,-58.99968572,-64.84758047,-65.57739558,-55.89494719,-54.23212192,-69.94219653,-55.60069646,-47.90794979,-60.47765794,-56.56944846,-64.28145498,-71.61033797,-69.93865031,-47.1443406,-62.25579578,-54.74055963,-54.13363533
03/11/2020,-34.78129755,-44.03357985,-45.60767591,-37.70974766,-44.06709464,-54.22619048,-28.6627461,-24.78632479,-28.35263355,-22.73036614,-49.79302188,-53.77602701,-31.97674419,-26.4,-28.79895561,-9.608745685,-17.80538302
04/11/2020,-32.64096949,-41.82202575,-35.92567103,-29.62160785,-42.2543701,-53.0011325,-26.84547244,-22.84158257,-30.18194791,-18.61673045,-45.55940023,-51.83778349,-20.88607595,-31.59851301,-31.3421454,-20.87114338,-21.9076006
05/11/2020,-31.68122753,-43.20057409,-29.80267634,-35.1457935,-46.66288523,-44.13580247,-24.72165595,-20.59504132,-27.87063953,-14.9497146,-38.94736842,-53.40282036,-4.255319149,-19.52479339,-31.39390938,-12.10463734,-22.13776722
06/11/2020,-28.76993356,-43.83518225,-27.72667543,-30.36723164,-38.42592593,-46.89839572,-18.30641985,-17.64202112,-19.424,-16.80447188,-41.09736417,-49.56497334,-34.84848485,-16.99570815,-30.05067195,-14.20789832,-18.58685869
07/11/2020,-18.93129511,-17.11736074,-25.8869908,-18.65498122,-26.57576537,-29.04498816,-12.49331479,-16.1683278,-18.43670348,-18.30191276,-28.03468208,-36.68430335,-25.13661202,-16.41285956,-12.75917065,-0.529430084,-15.35171103
08/11/2020,-26.14322898,-29.62515115,-29.24294904,-24.33758587,-29.29085303,-39.66101695,-32.77051828,-14.08593949,-27.84290739,-23.55796155,-25.51119766,-49.11158493,-54.06976744,-23.10344828,-29.78883861,-14.80400334,-18.70838881
09/11/2020,-28.83311633,-36.09038585,-34.76658477,-30.13131601,-40.7971864,-47.07771355,-19.36544786,-18.70641562,-32.43451464,-16.82067571,-47.16756112,-46.57388999,-46.62576687,-9.034267913,-30.91951029,-14.42542787,-17.32729332
10/11/2020,-29.40660425,-38.11712972,-41.08742004,-29.79377482,-39.75978463,-50.95238095,-22.96940254,-20.3515562,-20.54538663,-13.06655778,-44.6481372,-45.81879572,-34.30232558,-23.9,-26.63185379,-13.40621404,-22.67080745
12/11/2020,-30.97114224,-44.5819878,-34.13472443,-31.73996176,-44.29948951,-43.45679012,-22.76148659,-15.30578512,-27.18023256,-15.62924708,-39.31888545,-53.79113019,-0.4,-9.090909091,-26.76405051,-22.66349584,-19.76247031
13/11/2020,-14.31399912,-31.34706815,-14.23565484,-23.26162538,-32.11111111,-29.03743316,-2.197715636,0.613759635,-4.128,11.51741004,-23.1845078,-45.32697165,-1.515151515,13.13304721,-11.89689359,-3.449841126,10.80108011
14/11/2020,-1.372055018,-6.625202812,-6.406044678,-9.229118226,-11.7314124,-1.026045777,-4.513851749,4.946474714,5.395072218,13.88468419,-7.369942197,-31.58730159,-10.92896175,10.57529611,19.96810207,15.63375895,14.1634981
15/11/2020,-5.998519474,-16.52559452,-10.3908956,-15.08832188,-12.43576567,-9.265536723,-12.28894435,3.991863717,-6.623681125,4.797461266,-7.887049659,-40.10897891,-23.25581395,-1.954022989,0.113122172,3.753127606,19.30758988
16/11/2020,-43.28259926,-55.08420379,-56.73218673,-48.90094205,-49.58968347,-49.58253051,-40.6268137,-30.00348675,-46.64869029,-29.15102512,-41.02564103,-68.68124586,-29.44785276,-8.411214953,-34.61839021,-34.17549579,-0.4
17/11/2020,-17.11787041,-25.8444933,-27.18550107,-20.41757397,-31.80782771,-38.45238095,-15.69930964,-5.821641671,-1.680986179,5.403566081,-22.64931993,-45.71750141,7.558139535,11.9,-10.02610966,4.602991945,12.68115942
18/11/2020,-18.03952654,-28.59888526,-20.39458591,-22.47420054,-33.03194696,-38.9580974,-15.78904199,-3.796251802,-9.668212629,5.344450519,-21.6839677,-47.00033516,19.99,-0.743494424,-14.66700559,2.074150894,7.252856433
19/11/2020,-17.55481417,-30.73196986,-15.99002041,-22.95650096,-34.44885612,-30.98765432,-18.22957504,-1.851239669,1.090116279,10.32889372,-11.64086687,-50.39852851,19.99,16.52892562,-9.086407527,-4.68489893,12.96912114
20/11/2020,-13.02584654,-27.44849445,-12.0455541,-22.14254672,-18.94444444,-25.93582888,-8.452146514,3.040251213,1.184,14.59182485,-8.015061861,-48.01197493,19.99,13.73390558,-12.80017625,-2.20154335,8.01080108
21/11/2020,-0.503881247,-1.433207,2.923784,-6.993382,-11.5256,-10.9708,0.7808322,8.803987,-1.91164,7.472134,-6.286127,-36.11993,0.5464481,16.32826,10.52632,22.54749,23.09886
22/11/2020,-3.4314779,-8.988311,1.237011,-5.348381,-11.06543,-25.19774,-11.80443,10.62802,-9.847597,2.968079,-16.84518,-40.63018,-13.37209,2.528736,-0.03770739,12.26022,24.23435
23/11/2020,-14.45397267,-27.32892773,-16.60933661,-22.82329432,-28.44079719,-31.72768144,-13.92919327,-2.684797768,-8.821263482,15.30464915,-22.48062016,-46.65341286,15.33742331,19.99,-12.65954676,4.346644933,16.36466591
24/11/2020,-17.61545104,-27.64341395,-29.2750533,-22.13398232,-32.73969766,-39.10714286,-16.50899173,-5.85389453,-1.83040717,12.80794882,-32.05204021,-50.74845245,19.99,4.2,-9.45169713,12.97468354,8.126294
25/11/2020,-18.63605218,-26.67691716,-20.78458362,-24.4999363,-34.13703034,-40.26047565,-16.78149606,-8.777831171,-14.66286122,12.54784035,-29.41176471,-50.12847727,19.99,0.371747212,-11.15912557,7.052113041,-1.440635867
26/11/2020,-19.01782353,-30.51668461,-18.39419369,-27.09130019,-35.98033655,-33.45679012,-21.00517485,-1.619834711,-10.50145349,10.9812449,-12.0123839,-52.68751277,19.99,19.31818182,-7.699925724,1.355529132,9.691211401
27/11/2020,-14.71356496,-29.93660856,-6.964520368,-26.32551065,-32.35185185,-34.06417112,-17.00669555,5.66657151,-3.552,14.76650751,-12.1570737,-49.90176817,19.99,17.93991416,0.308437982,6.150703586,12.55625563
28/11/2020,0.045962141,8.734451055,3.679369251,-1.484528707,-6.148700798,4.262036306,-5.530003209,12.2923588,7.561597281,22.12742535,0.361271676,-34.35626102,8.743169399,12.09813875,25.23125997,27.748365,24.95247148
29/11/2020,-0.083578098,-9.068923821,6.432459179,1.153091266,-7.502569373,-15.59322034,-11.24651299,12.02644292,6.506447831,14.16837782,-8.958130477,-42.21748401,-16.86046512,3.793103448,5.090497738,22.4353628,24.99
30/11/2020,-10.6736108,-23.76891921,-14.42260442,-19.09791607,-22.08675264,-31.08542068,-10.4372219,4.027196653,-1.348228043,13.71643084,-26.59511032,-45.85818423,29.98,27.62201454,-2.344360511,13.25726705,25.02831257
01/12/2020,-12.42032541,-26.22426544,-26.01279318,-21.51914948,-30.89666598,-31.36904762,-12.69070144,0.677310111,4.557340306,19.72233565,-22.05795387,-47.67585819,23.25581395,24.99,2.245430809,21.54775604,23.65424431
02/12/2020,-12.50016794,-30.05958101,-18.99518238,-19.00879093,-30.07836046,-33.2389581,-4.445538058,-0.400448502,-13.80663575,17.70092947,-24.10611303,-43.97274048,20.05,13.28996283,-4.728012201,11.01892663,11.52508693
03/12/2020,-14.25103527,-28.97380696,-13.04150601,-21.98852772,-31.9152959,-28.33333333,-17.5474361,-1.289256198,-4.651162791,21.41886382,-16.40866873,-48.36501124,29.96,29.99,1.16365437,7.372175981,17.67220903
04/12/2020,-15.6093081,-34.40570523,-10.42487954,-25.66275532,-28.75925926,-26.68449198,-12.52461599,0.456751356,-3.392,13.48550134,-17.75147929,-49.95790065,15.15151515,12.01716738,-8.570169641,3.132092601,10.3960396
05/12/2020,-0.171932453,5.922120065,-2.365308804,-2.611339653,-15.69333676,6.708760852,-4.160872821,8.471760797,4.375531011,17.66891427,-11.77745665,-32.68077601,-5.464480874,10.57529611,20.15948963,24.99,19.24904943
06/12/2020,-2.435704563,-14.3490528,4.997525977,-7.605495584,-6.851661528,-16.61016949,-13.91866099,10.32290872,-0.175849941,9.146910584,-21.03213242,-41.10400379,-20.93023256,4.022988506,-4.147812971,18.89074229,19.99
07/12/2020,,,,,,,,,,,,,,,,,
08/12/2020,,,,,,,,,,,,,,,,,
09/12/2020,,,,,,,,,,,,,,,,,
10/12/2020,,,,,,,,,,,,,,,,,
11/12/2020,,,,,,,,,,,,,,,,,
12/12/2020,,,,,,,,,,,,,,,,,
