fecha,metro,metrobus,tren_ligero,trolebus,rtp,ecobici,mexibus,mexicable,tren_suburbano
01/03/2020,-0.887935778,-2.292636211,0.07898272,-10.69928677,-22.4425703,-4.914470301,16.60415525,4.570149254,6.317523768
02/03/2020,7.108800715,6.103176376,7.201711845,12.35802258,13.94359181,4.7488383,0,0,0
03/03/2020,3.968162899,5.006655683,1.108748127,5.854732718,11.92131353,6.495303704,-0.81614691,-0.219112242,-1.310115689
04/03/2020,2.403728065,2.419304117,2.259736313,5.118204645,7.313801358,3.716477888,1.275630628,1.733108472,-0.241408091
05/03/2020,2.262604712,2.379756842,3.569041875,6.644181736,9.070707862,5.569662419,-0.149652403,0.831528195,-0.023512566
06/03/2020,4.610953559,6.078235382,1.034291407,4.879821818,8.659874451,2.424957921,0.280366932,-0.833196114,-0.055406428
07/03/2020,0.468162004,-0.167964361,-3.266865713,-3.915827197,-16.92337896,-4.081482512,2.476229671,0.553770425,5.288152319
08/03/2020,1.469205478,-5.54267386,2.527511898,-23.54149253,-24.93426909,0.779831309,-7.095958532,-0.758208955,6.772904062
09/03/2020,-20.81125168,-30.25132146,-27.18785,-24.73734405,-18.18223466,-17.71485659,-15.38779645,-13.05434104,-30.85585828
10/03/2020,3.105462981,5.541130995,5.646521406,6.614908007,12.65323974,4.342330055,0.81614691,0.219112242,1.310115689
11/03/2020,-0.348077039,2.040232217,7.766762082,8.526830007,6.409917824,4.151416894,-1.275630628,-1.733108472,0.241408091
12/03/2020,0.103462754,2.773756265,5.204538541,4.410404344,4.095308268,3.87011589,0.149652403,-0.831528195,0.023512566
13/03/2020,2.518324774,3.987365325,1.997448819,4.939704576,-0.785300956,-0.943935994,-0.280366932,0.833196114,0.055406428
14/03/2020,-4.552377917,-3.321588121,-8.98797548,-8.724410676,-27.09526042,-15.95139905,-2.476229671,-0.553770425,-5.288152319
15/03/2020,-7.950184802,-11.10596175,-8.121731056,-21.32150297,-28.89404988,-28.14857464,-9.508196721,-3.811940299,-13.09042783
16/03/2020,-38.84597015,-57.19753294,-58.16131713,-43.87699969,-50.12998923,-70.29006656,-38.52241643,-23.22853772,-67.60719792
17/03/2020,-10.75913396,-9.444247834,-9.651133795,-8.215632721,0.072787003,-25.88622233,-6.585455228,-5.145603619,-22.80186529
18/03/2020,-15.52890624,-20.28187337,-16.80910812,-15.24807676,-6.384762034,-35.71799196,-11.97580774,-7.524489576,-29.95731778
19/03/2020,-19.84739886,-25.41849588,-30.09053467,-19.83742029,-8.221882927,-44.09933349,-15.17539049,-6.652225561,-32.39476806
20/03/2020,-24.03173238,-28.8647848,-27.41211754,-20.82340338,-11.60760296,-43.23678326,-21.35613125,-14.08529557,-36.82048064
21/03/2020,-28.83461725,-36.61096626,-37.5920136,-36.77871871,-32.33446751,-49.34303295,-11.42787486,-17.7890203,-35.49194266
22/03/2020,-36.05395891,-32.0899662,-35.28925111,-45.22465805,-38.84937175,-51.17961324,-17.42256311,-15.33731343,-39.73584702
23/03/2020,-30.99017312,-40.65541278,-42.75115309,-37.90160094,-25.70130072,-58.43096992,-27.05943948,-18.41210355,-46.95037143
24/03/2020,-41.00808849,-51.0645312,-49.55477666,-39.89953155,-31.37925423,-62.02876599,-38.01386135,-25.66440486,-53.82806494
25/03/2020,-42.94463537,-53.03428642,-51.63234542,-44.30877664,-34.45344683,-65.2674844,-39.27621982,-26.26215508,-56.01195947
26/03/2020,-45.2523481,-55.87528007,-53.44058574,-47.03679594,-36.11148484,-67.5141905,-41.60902867,-27.16791279,-58.77745224
27/03/2020,-49.89063376,-55.34234987,-54.91072227,-46.82282287,-36.23130784,-66.56505076,-41.37704288,-28.75349909,-59.15104197
28/03/2020,-49.96547736,-53.68035002,-48.12930978,-49.88229564,-42.21076385,-55.70512837,-32.82396649,-22.73193409,-50.9889955
29/03/2020,-48.53295332,-51.97075149,-50.25661602,-58.16241014,-51.68648421,-65.09807706,-40.10240634,-28.07164179,-55.90751945
30/03/2020,-47.9555306,-55.96259394,-55.92001771,-49.28356838,-40.43348023,-71.41307361,-43.72389303,-26.3377056,-60.57585527
31/03/2020,-51.37778722,-59.41747135,-61.30063622,-52.05845112,-44.26318223,-73.99047362,-49.88559917,-28.94402036,-63.91529071
01/04/2020,-55.20803619,-62.66109595,-63.48882859,-54.11176376,-46.88997936,-76.47045879,-51.8550594,-30.46754458,-65.73959621
02/04/2020,-58.61794858,-65.72598019,-65.68146623,-56.13852022,-49.22391599,-78.69700554,-53.09511595,-30.16560688,-67.99067951
03/04/2020,-59.81117816,-66.75884754,-65.61292621,-57.32999329,-49.12755464,-77.69121977,-56.01484073,-36.99983534,-69.15708861
04/04/2020,-60.59186396,-65.64250376,-61.81948583,-60.18448009,-55.52773351,-68.01716933,-51.73913141,-31.81787106,-62.29394092
05/04/2020,-63.56321734,-61.72019266,-59.12390336,-66.71283107,-63.15328704,-70.03088217,-53.30144549,-39.31940299,-64.49816335
06/04/2020,-62.88426904,-68.86771806,-67.03900674,-60.5910781,-54.33777222,-79.88182617,-55.4042621,-34.39516969,-71.60346742
07/04/2020,-67.12905925,-70.93501438,-69.30536761,-62.74558327,-57.29079329,-80.50622772,-60.5247886,-41.02346621,-74.23660822
08/04/2020,-68.19150277,-71.63506341,-70.09111785,-62.6307758,-57.47782096,-81.96650623,-59.89110643,-39.56726111,-73.57822784
09/04/2020,-76.00030044,-79.89016656,-78.92164449,-73.90040811,-68.33154598,-87.31206388,-66.9572447,-41.91880372,-82.99433849
10/04/2020,-83.11787739,-84.91415627,-84.2189575,-77.85175016,-75.63468652,-86.32687664,-75.18795573,-54.26971843,-88.91770248
11/04/2020,-77.17363102,-76.57541501,-77.89509424,-73.29553539,-66.48745096,-72.25856627,-64.06100771,-51.35707937,-79.01831734
12/04/2020,-72.8593436,-68.46277801,-66.11097523,-72.08779921,-67.87230016,-72.13768915,-58.09368284,-44.87164179,-70.82973207
13/04/2020,-63.62008051,-67.66477586,-67.70406777,-60.17183425,-57.62582852,-79.69347372,-55.38605124,-38.06648622,-72.40724967
14/04/2020,-65.99583378,-70.95675698,-70.50136987,-62.98710404,-58.65903023,-81.01103987,-59.14356296,-40.38026576,-74.35471815
15/04/2020,-66.51474036,-70.44748601,-69.49025835,-60.28734587,-58.43838786,-80.27617509,-58.21333627,-36.82586386,-73.77156561
16/04/2020,-67.92512576,-72.17530916,-70.35416606,-61.92378826,-58.46034708,-81.49941362,-59.05467796,-36.8527706,-74.69202501
17/04/2020,-67.86572031,-71.88110823,-70.09298996,-61.44194269,-57.41416169,-80.23464649,-59.09046426,-41.72237774,-74.6177842
18/04/2020,-67.3288263,-71.58844306,-66.78825531,-65.14936123,-60.95383172,-71.27690019,-53.01046096,-38.62719628,-68.34685768
19/04/2020,-68.10279585,-67.4934096,-62.60814444,-70.22074607,-65.11372272,-70.12395396,-56.15238737,-41.53134328,-69.42307692
20/04/2020,-64.80026944,-69.81499199,-68.13613867,-60.5776623,-53.60412666,-80.66366652,-55.46496496,-36.94218891,-72.88596103
21/04/2020,-67.64846998,-73.87593752,-71.23283492,-64.86617447,-58.02349898,-83.33451298,-61.14544597,-45.85807181,-75.39057408
22/04/2020,-69.14200181,-73.70633115,-73.23360282,-66.45399819,-58.4272037,-82.61561974,-62.69791974,-45.11464351,-75.92680633
23/04/2020,-70.66040445,-76.07307385,-81.58436961,-64.9279211,-57.61449863,-82.7799398,-63.09776937,-44.15484592,-77.46439431
24/04/2020,-70.90309788,-75.65319907,-75.3622082,-62.90746052,-55.34860283,-82.32300795,-62.23304621,-46.04314178,-77.36837178
25/04/2020,-71.00257341,-74.5605049,-71.17388553,-66.71757267,-58.6728217,-71.25441929,-57.25255038,-44.47255076,-72.22794914
26/04/2020,-72.67381417,-70.5968328,-69.86875049,-71.11576162,-64.55851536,-69.51475676,-60.27013359,-49.21492537,-73.43560933
27/04/2020,-69.18176999,-73.26467657,-73.62836138,-61.02977487,-53.88978923,-80.66366652,-59.61931717,-42.6816573,-75.84610077
28/04/2020,-71.5205019,-74.75909434,-75.78405805,-63.81721027,-58.06740936,-82.12095796,-64.07586046,-46.62849873,-77.5548586
29/04/2020,-72.32017881,-74.28627754,-75.72814219,-62.83935,-58.63080626,-83.00442885,-62.23473165,-43.5501812,-76.91356851
30/04/2020,-71.92725541,-74.37060192,-75.86064851,-61.56141712,-56.66692458,-84.02694435,-60.69837788,-37.67032353,-75.97385614
01/05/2020,-79.30473279,-82.87787812,-83.63963009,-72.37601923,-67.90076452,-86.85602228,-70.64439755,-52.2805862,-86.7667187
02/05/2020,-74.18051581,-74.68076297,-89.81470239,-65.62872391,-58.46599032,-68.46678738,-59.21904042,-44.97846448,-73.58567036
03/05/2020,-74.60761204,-71.7304497,-89.2339075,-70.49471052,-65.7248,-70.3270197,-61.18862995,-48.15820896,-72.66583838
04/05/2020,-70.79334874,-72.25899699,-90.34786432,-61.21692532,-53.86335877,-80.95152593,-59.52560712,-41.79332362,-75.56631338
05/05/2020,-73.78982564,-76.07543068,-91.5824616,-66.99647831,-58.82947524,-84.5848424,-65.69342682,-47.48374329,-78.8232102
06/05/2020,-74.52286241,-77.19688301,-91.98922237,-67.28127871,-56.79812901,-84.96494937,-64.75120944,-46.96616312,-78.09102723
07/05/2020,-75.0520204,-77.31295017,-92.44837087,-67.53230535,-59.99182614,-84.60016419,-66.03845678,-46.83809657,-78.83235012
08/05/2020,-73.81077965,-77.68226829,-92.24458691,-66.4881919,-57.98361861,-82.13604316,-65.38043544,-47.73588013,-78.91519781
09/05/2020,-74.94782495,-75.5063357,-90.90544473,-68.6417539,-60.28368239,-72.51334983,-59.84441646,-46.78334587,-73.11958696
10/05/2020,-76.59657354,-72.50349245,-92.1471792,-73.5794918,-68.67942101,-73.33916141,-62.03379831,-44.37014925,-73.98660328
11/05/2020,-71.97717866,-75.36506034,-91.02167615,-66.13247561,-57.99238432,-83.21886295,-62.32211216,-48.71261017,-77.37981002
12/05/2020,-74.37900139,-76.94018992,-92.36669146,-67.3137576,-57.85513257,-82.49873129,-65.87716945,-48.18348883,-78.40822939
13/05/2020,-74.7190049,-76.56578803,-91.72103635,-66.69318878,-58.29782329,-82.47393507,-65.35211168,-47.64074778,-77.71702957
14/05/2020,-74.78226981,-76.33702631,-92.55078337,-66.39007602,-58.18238185,-82.15308536,-64.69229272,-44.98637412,-77.84799258
15/05/2020,-72.45108058,-75.89431333,-91.72257811,-62.84371436,-53.12475958,-79.76547069,-62.50225341,-43.57319282,-76.85529308
16/05/2020,-72.45242244,-72.68176622,-91.56865233,-66.37207258,-58.12778777,-67.73241123,-56.75377049,-43.24878649,-70.4578895
17/05/2020,-73.5196564,-70.00399315,-91.56027578,-71.50282172,-66.05702651,-68.27944022,-60.57355978,-46.80597015,-70.67739844
18/05/2020,-71.2535778,-73.580358,-91.86065938,-62.03864327,-53.28936388,-81.58765967,-63.85410067,-40.99521133,-74.83692547
19/05/2020,-72.7264281,-74.99768121,-91.7862786,-64.19924045,-55.6359697,-81.33532316,-63.80270109,-47.22222222,-76.9127024
20/05/2020,-73.21214702,-75.27691495,-92.54811383,-65.43026246,-56.4275266,-83.40971293,-62.42036182,-44.88499767,-76.39747287
21/05/2020,-73.3228182,-76.57211121,-91.92906705,-66.88421849,-57.82710516,-82.53523192,-66.40745785,-45.17504018,-77.02584533
22/05/2020,-72.88264413,-75.41033507,-92.45134334,-64.1218571,-55.79069847,-81.00719912,-62.1410213,-45.25275811,-76.44037737
23/05/2020,-71.8659015,-73.54076771,-90.72113647,-66.14697404,-58.5480973,-66.76573242,-56.75377049,-43.30347987,-70.15832739
24/05/2020,-73.74080994,-70.460127,-91.57089847,-71.73681272,-66.32490284,-66.5787647,-59.58552826,-46.32238806,-70.35976664
25/05/2020,-70.04164127,-73.02072004,-91.20544301,-61.82264884,-53.92476287,-79.36296848,-58.77668555,-40.42612256,-74.73288122
26/05/2020,-72.40882636,-74.54486791,-91.92905396,-66.35414961,-55.46448539,-80.44939457,-63.86196159,-46.66383941,-76.61849165
27/05/2020,-72.68647047,-75.21281825,-91.9257585,-65.01438976,-56.71678966,-81.42942246,-63.56395722,-46.57145933,-75.98332858
28/05/2020,-72.9425314,-74.54816604,-92.28906252,-65.66343317,-57.48098377,-82.03911183,-65.27781217,-47.68360003,-76.22060599
29/05/2020,-71.29521497,-74.08326179,-91.47590337,-61.30028456,-53.05164477,-77.90287803,-60.71566535,-43.16482793,-74.88191347
30/05/2020,-70.30804044,-71.48228274,-91.11392457,-63.91917152,-57.21249048,-64.66751485,-55.65377071,-42.77705613,-68.17945533
31/05/2020,-71.92946994,-67.81082233,-90.45286074,-69.62699392,-65.43347826,-72.38306025,-56.41029963,-45.19402985,-67.41843129
01/06/2020,-67.24006069,-68.72679432,-90.53272503,-57.74558624,-50.3916241,-78.20797705,-54.91598344,-49.33027969,-71.88002027
02/06/2020,-69.90701547,-72.03748788,-91.00308335,-59.70229208,-52.81193491,-78.58392982,-60.14432914,-52.47384789,-73.98921582
03/06/2020,-69.71126558,-71.64772537,-91.78552383,-60.87160875,-53.71816366,-79.32062728,-59.58550878,-50.23861638,-73.64637148
04/06/2020,-70.00526977,-73.09849968,-91.19666247,-62.33240608,-54.11590059,-78.97188288,-60.27630857,-51.35210677,-74.2503058
05/06/2020,-69.05332768,-72.48952804,-91.55574001,-58.53730697,-51.92845455,-76.29074764,-58.47959743,-50.60760744,-73.47878996
06/06/2020,-68.36194068,-70.52534461,-89.37357114,-60.49707541,-56.94310139,-61.3028731,-53.05385257,-52.97053394,-66.0913312
07/06/2020,-70.82074636,-66.8809206,-90.37850194,-68.06607899,-63.62419067,-66.46877076,-57.97104808,-44.65671642,-66.89498704
08/06/2020,-66.20293573,-70.21732506,-89.76921747,-60.49917985,-51.69018742,-80.52506755,-55.3989506,-53.33472135,-71.5236822
09/06/2020,-68.44469707,-71.23112097,-90.84168512,-59.80524597,-52.54353598,-79.64704414,-60.40556628,-51.70342098,-73.39068581
10/06/2020,-69.127996,-71.15183437,-90.70970894,-58.84837528,-51.87150622,-78.40791436,-57.91448235,-49.59991388,-72.8228371
11/06/2020,-69.15188881,-72.03247186,-91.22355869,-60.16324732,-52.57730073,-79.10261723,-59.33098654,-51.76437705,-73.70872422
12/06/2020,-67.26856589,-71.65623157,-89.74406241,-57.32484209,-50.22218029,-76.18139088,-58.05003339,-50.3836654,-72.85287443
13/06/2020,-67.28105223,-68.21352736,-88.52907672,-60.18896711,-52.54451335,-59.45943909,-50.54205967,-49.65474807,-64.35651415
14/06/2020,-69.66530453,-62.53186236,-87.38024875,-62.60238926,-62.15261681,-61.21444491,-56.68970458,-52.91343284,-65.38623596
15/06/2020,-63.45312814,-66.38551591,-87.12866267,-53.23318084,-47.5472792,-76.20717651,-52.25985378,-39.89867444,-70.00291108
16/06/2020,-65.05489723,-69.21829422,-87.1667716,-58.26676515,-49.42537961,-76.71512195,-57.06558806,-40.83969466,-71.85366074
17/06/2020,-66.18965064,-69.69971501,-87.50068928,-57.80295294,-49.75337869,-77.38976169,-56.17140444,-40.47149162,-71.26134407
18/06/2020,-65.71066493,-70.70184849,-88.79979608,-58.10305331,-50.37138088,-76.45105647,-56.77380552,-39.64782335,-71.66445191
19/06/2020,-65.32322931,-70.30515185,-88.06851651,-57.67641183,-49.52431385,-75.72985326,-56.20884847,-39.96377408,-71.43811304
20/06/2020,-64.1579955,-67.45086049,-87.86435839,-60.31385567,-52.75056277,-65.03470292,-48.14344283,-38.33321939,-61.66662261
21/06/2020,-67.1423653,-64.57388426,-89.18079407,-67.28513404,-59.76916599,-64.37888592,-54.20666695,-42.91044776,-63.75594209
22/06/2020,-64.70935589,-66.48250145,-87.95780126,-64.6748486,-52.99462418,-82.57562157,-57.17754449,-43.58387119,-71.62934371
23/06/2020,-65.66627952,-70.18973037,-88.44036916,-65.01056893,-50.32515259,-81.15145119,-59.14005642,-42.613797,-72.38834755
24/06/2020,-65.2485092,-69.11755099,-87.62249896,-60.90860356,-52.10001896,-79.10645277,-56.7247456,-40.74419606,-71.33688314
25/06/2020,-65.35994652,-69.52299422,-88.42945591,-57.77425851,-49.86529597,-79.51158109,-56.83218057,-40.85668367,-71.51280906
26/06/2020,-64.47322427,-68.40332377,-86.65602211,-56.53541992,-47.90058856,-74.31174295,-55.76211561,-40.02963939,-70.98980168
27/06/2020,-62.61906566,-65.44054282,-85.14958832,-58.16083672,-49.34586013,-57.1139316,-48.57333295,-37.27353524,-61.65164451
28/06/2020,-64.47685286,-63.6555706,-84.48025541,-64.86430221,-59.44591858,-59.55607475,-53.36276286,-41.91641791,-63.08178479
29/06/2020,-61.22877649,-64.43700215,-86.0326246,-53.78993667,-46.97622103,-78.20442323,-51.92295289,-36.35921993,-68.01367131
30/06/2020,-61.43560885,-65.23467156,-86.43530655,-54.75144007,-44.29669961,-75.05024481,-54.43568394,-34.99434549,-68.82962112
01/07/2020,-58.98509914,-64.61325543,-87.42084764,-54.89567105,-45.42053315,-75.7653304,-51.90333034,-32.59176863,-67.62067763
02/07/2020,-58.13350227,-65.12133327,-86.50327324,-54.50658302,-47.03681537,-73.19275425,-52.75760202,-33.77122493,-68.0461586
03/07/2020,-56.46505076,-65.0658685,-86.78703609,-50.3436715,-45.74854982,-73.95897918,-52.11614368,-35.55738515,-67.49641376
04/07/2020,-56.44525758,-61.41723747,-85.11484168,-55.59650814,-46.26098372,-57.12142523,-45.03803476,-34.8260067,-57.92297729
05/07/2020,-59.8931281,-62.21713672,-85.2371218,-63.41258308,-55.40283176,-64.12505375,-50.32660458,-36.35522388,-59.06763181
06/07/2020,-56.453295,-61.64049643,-85.1487935,-52.85820914,-44.44957563,-74.09620755,-47.72079718,-29.53709487,-65.92847362
07/07/2020,-57.84089655,-64.06129828,-86.79948717,-57.60695372,-44.33593315,-75.20068552,-54.79229894,-34.59852983,-68.01615233
08/07/2020,-57.99922881,-64.00297757,-86.13416895,-55.93407713,-45.56440213,-74.53959321,-50.99541071,-33.38835265,-66.62018108
09/07/2020,-57.58642623,-64.0837443,-87.63601761,-55.65134642,-46.21461813,-76.78292059,-52.21595231,-35.94437845,-67.31594812
10/07/2020,-55.93477073,-63.24179889,-85.92623334,-49.3205134,-44.06533685,-69.97980396,-51.4238966,-33.02815742,-66.75260145
11/07/2020,-53.13938077,-58.92556711,-84.42595178,-51.28897458,-44.32482301,-49.95001732,-43.17801074,-31.7836877,-55.55379343
12/07/2020,-56.7929478,-58.00293691,-82.87888546,-62.76715792,-54.73438804,-57.89770459,-47.05971596,-38.03880597,-57.21856093
13/07/2020,-54.95301042,-61.53577961,-85.05691007,-57.49605231,-42.79326665,-71.08967601,-46.49421995,-28.37809702,-64.76242331
14/07/2020,-55.40060972,-63.43265351,-84.55646563,-51.91794172,-43.44603351,-71.95450941,-51.07080929,-33.12128923,-66.62383852
15/07/2020,-54.9886934,-61.75809074,-85.70937049,-50.58003498,-43.33112858,-70.29234792,-48.36712891,-27.33861997,-64.59964291
16/07/2020,-55.25570234,-61.67358823,-84.99605083,-50.88223802,-42.66057962,-69.77019605,-49.16771329,-29.61358396,-65.138526
17/07/2020,-54.52649593,-61.94951045,-85.68467633,-48.4976084,-42.52285024,-68.18423642,-48.55498574,-31.09171744,-65.01197943
18/07/2020,-51.3668585,-56.87947106,-83.62526835,-48.96395342,-43.86033211,-50.26474996,-39.79167552,-28.09872154,-52.21896228
19/07/2020,-56.45332875,-56.05194025,-84.1536078,-60.43407271,-53.57309178,-49.53816523,-44.0507396,-29.6119403,-54.17837079
20/07/2020,-52.41042802,-59.14987407,-84.11619875,-46.75066473,-41.83803237,-69.18838242,-42.30420481,-23.36733986,-63.5462377
21/07/2020,-55.29756635,-61.43466117,-85.60865793,-49.83037347,-42.65486726,-69.12622415,-50.45365846,-30.28696636,-65.75503896
22/07/2020,-54.47257831,-62.7082385,-84.23844186,-49.37260088,-43.14150622,-69.03695579,-48.80582659,-31.9243604,-64.41845478
23/07/2020,-55.47931325,-61.76240602,-86.16396717,-50.49515975,-42.6565106,-68.35893552,-49.28835506,-30.41017399,-65.22570742
24/07/2020,-54.0447515,-61.23813591,-84.93339308,-46.40943867,-42.6714384,-65.75016647,-48.39256865,-33.58801251,-64.6076896
25/07/2020,-51.7127993,-56.66864563,-84.63594235,-49.98549697,-44.07928405,-49.66525922,-39.98939813,-29.56176933,-52.67535397
26/07/2020,-54.92682806,-57.33284337,-83.08337217,-62.48831865,-53.50824276,-57.77078851,-47.31952463,-73.52835821,-55.66767502
27/07/2020,-52.52656204,-58.96026619,-84.65874853,-47.33760612,-41.22025369,-66.88906102,-46.62890443,-76.70206121,-63.94839837
28/07/2020,-53.82012904,-61.0184976,-84.12296654,-50.5640009,-42.61823197,-66.99999552,-50.44313884,-80.27989822,-65.29057967
29/07/2020,-54.62282986,-61.55113566,-85.75543297,-50.26238987,-44.4978399,-69.38622499,-48.84096499,-81.61397969,-64.3149187
30/07/2020,-54.81018639,-60.65850738,-85.09225651,-51.06912524,-43.92045131,-69.36123219,-48.18347455,-81.23122074,-64.33645689
31/07/2020,-53.21681721,-59.9159619,-85.62633417,-51.08158162,-41.53855196,-69.54943218,-48.14911469,-82.53252099,-63.11449903
01/08/2020,-49.59354329,-53.39198697,-82.55114396,-50.96964874,-39.69398952,-46.5254265,-36.60887828,-81.14445888,-49.22686543
02/08/2020,-52.86381602,-53.71584973,-83.27723619,-59.23779375,-52.50358183,-53.16796522,-43.70306376,-78.93731343,-51.66810717
03/08/2020,-49.51336046,-55.83728586,-83.03656843,-47.52945211,-39.87577077,-67.13072077,-44.92656851,-50.12145187,-60.65402322
04/08/2020,-52.02892739,-58.15676408,-85.54451248,-52.54214017,-41.28585085,-69.17637105,-46.97832784,-49.8657054,-63.15555662
05/08/2020,-52.50348795,-57.83667456,-83.96718501,-49.8930796,-40.83502726,-65.6628835,-45.68312256,-46.94463382,-61.75345737
06/08/2020,-52.48573766,-59.13717229,-85.5236304,-50.87716989,-41.98817334,-66.24707297,-46.59355044,-47.90021662,-62.00210821
07/08/2020,-51.09601812,-58.26343686,-84.97945268,-47.33858728,-40.21252711,-63.44309148,-46.78247612,-49.37592623,-61.94969906
08/08/2020,-50.40751145,-53.92823545,-83.74008333,-50.28687475,-39.75537426,-46.79519733,-35.75715011,-50.52984207,-49.3361175
09/08/2020,-52.89613876,-53.90999212,-83.72073334,-59.22121939,-50.43839004,-53.98868922,-41.92991698,-54.76716418,-51.36668107
10/08/2020,-49.00009294,-55.39453577,-84.68281324,-47.49188786,-42.07270284,-69.07821401,-46.17173599,-35.35290443,-60.77909196
11/08/2020,-51.53702844,-57.54906201,-84.19435422,-49.79735052,-41.96373352,-67.45131763,-48.02362706,-34.52784846,-65.91411493
12/08/2020,-51.88042312,-58.41747939,-85.55071083,-50.71908444,-41.39271018,-66.88203071,-46.39831336,-33.15153037,-61.33561535
13/08/2020,-50.83061888,-57.70072499,-84.03295949,-48.9563494,-40.65734805,-65.79117883,-47.05878191,-64.70547132,-61.5392541
14/08/2020,-50.26116164,-56.72919429,-85.11660793,-48.38041849,-39.99003796,-67.79972392,-47.87475685,-52.33986498,-60.03147287
15/08/2020,-46.49838782,-49.73500949,-78.81059266,-45.44912568,-37.49665043,-46.35307291,-33.21091232,-27.02536405,-43.8232936
16/08/2020,-47.58538277,-47.41697044,-76.95142653,-53.91644854,-46.49307558,-48.2690044,-34.72417717,-24.23880597,-43.99308557
17/08/2020,-47.5823521,-54.10188003,-82.83311226,-44.37606757,-39.09620562,-69.64682518,-42.83497547,-26.66389062,-59.00764429
18/08/2020,-49.4266943,-55.79998246,-84.66923747,-48.04001173,-38.68578496,-67.95278665,-45.68055782,-31.95504665,-60.76888495
19/08/2020,-49.59608993,-56.43012395,-79.91266288,-48.20854001,-39.32745323,-66.68433116,-44.51077755,-30.82636621,-58.03725186
20/08/2020,-50.50871746,-56.25984752,-82.32091207,-48.44510199,-40.01622239,-69.90763473,-44.52884258,-29.65550975,-58.93807741
21/08/2020,-48.90657897,-55.86272274,-82.49325782,-45.25170535,-38.24026169,-61.88740329,-44.45884718,-31.4078709,-59.85842266
22/08/2020,-45.13791695,-49.49182332,-78.20781399,-44.78280408,-38.0921215,-38.88191964,-34.39903733,-26.97750735,-44.30083084
23/08/2020,-48.09298791,-47.45542944,-75.75637433,-53.22325022,-46.67664818,-47.32136431,-35.8240971,-27.38208955,-43.9363656
24/08/2020,-47.20366773,-55.0259601,-83.97071665,-47.12630722,-41.10358589,-71.45216563,-42.15889733,-31.02921785,-60.00981143
25/08/2020,-49.75226439,-57.09588512,-83.40908976,-47.24098592,-41.42381777,-67.09025994,-47.23640909,-32.56290642,-61.25196517
26/08/2020,-49.95129111,-56.20828927,-84.3950543,-47.34171331,-40.33860304,-66.98747047,-45.28879156,-33.71129212,-60.2183766
27/08/2020,-50.10895533,-56.78975316,-83.69261895,-48.39822181,-41.18123494,-68.68744748,-45.77453079,-33.7852002,-60.26851879
28/08/2020,-48.97712513,-54.51808206,-83.76859697,-44.22082044,-37.70094171,-66.99189491,-43.80883542,-30.99291948,-59.70510625
29/08/2020,-43.55668921,-48.3279046,-79.99953203,-45.49100448,-39.17476064,-46.32309838,-33.35182323,-24.78977234,-43.66293976
30/08/2020,-46.60491366,-50.64383192,-82.11405205,-52.65972191,-47.28523127,-45.62914986,-36.07189515,-25.79701493,-43.90395419
31/08/2020,-46.58225859,-51.88912469,-81.67253702,-42.58170389,-38.72617915,-69.00358379,-39.7417852,-26.67777084,-57.86261846
01/09/2020,-47.7938951,-53.54042445,-83.65429092,-43.25297944,-37.54411517,-65.08772699,-43.52368579,-28.53406842,-59.36699466
02/09/2020,-48.290247,-53.98028506,-82.46554806,-46.35305888,-38.69961512,-64.62166588,-42.93345354,-27.33861997,-58.26545382
03/09/2020,-47.97564509,-54.85012416,-83.9677879,-45.14638422,-38.01807709,-64.94308165,-43.54672657,-28.39773601,-58.97294998
04/09/2020,-47.68947704,-54.1332791,-82.22918278,-43.45135919,-36.12229078,-63.54539297,-44.59997493,-30.14325704,-58.44517926
05/09/2020,-44.47899153,-48.16246965,-80.91351972,-45.65328482,-37.89506476,-48.78850402,-32.4696762,-24.20865523,-43.51756403
06/09/2020,-49.14336166,-47.0078607,-79.12642154,-51.4907419,-45.28538733,-49.67354239,-37.52454802,-26.9880597,-45.153414
07/09/2020,-44.74891293,-51.17478447,-82.07507396,-41.81364916,-35.93789887,-66.50169466,-39.80817895,-26.55978902,-58.02757981
08/09/2020,-48.26100828,-53.86030975,-81.39988873,-46.35778397,-38.80426502,-66.27788013,-44.9697824,-30.66157761,-59.69472309
09/09/2020,-47.65081148,-53.85502465,-84.15450578,-47.15865278,-39.975372,-63.84404766,-43.23514692,-29.77143062,-58.55387574
10/09/2020,-49.01340199,-52.07619387,-82.29298138,-46.20182186,-40.76670308,-68.61369989,-44.00665122,-29.34106631,-58.90478996
11/09/2020,-47.42699555,-53.44339137,-83.19643438,-42.71666858,-35.34344773,-60.8749713,-42.27119535,-31.75037049,-58.36928005
12/09/2020,-44.25399744,-46.14446231,-81.77916427,-43.35967277,-35.66370992,-48.60116317,-33.15275861,-25.12476926,-42.43649724
13/09/2020,-47.79517345,-40.25335138,-82.08749533,-48.68869973,-46.56540717,-46.31449671,-35.24632306,-24.50746269,-45.67523768
14/09/2020,-44.80699104,-45.63137573,-81.82786377,-37.3589317,-34.61824457,-63.0971353,-43.03984764,-22.63168853,-56.22216951
15/09/2020,-51.7132129,-59.64442339,-88.04721963,-54.44452092,-40.65993312,-68.97912657,-45.01957525,-24.4628216,-62.51978474
16/09/2020,-76.88764237,-79.8035299,-94.12345075,-76.8106318,-73.90455701,-83.14940852,-70.58347501,-50.63332018,-85.7912586
17/09/2020,-51.00077925,-49.72934638,-83.90158184,-41.73173302,-41.71758322,-63.8670374,-43.21027401,-26.29445881,-57.3149178
18/09/2020,-47.99286969,-51.97066968,-81.96306065,-45.0018719,-41.71439438,-73.89900935,-43.03520811,-30.20912234,-57.55361647
19/09/2020,-45.29278623,-47.16900555,-80.65367529,-42.84217047,-37.81295778,-45.43135591,-33.69090409,-24.90599576,-43.25412559
20/09/2020,-46.4772734,-47.08796962,-80.29226136,-50.12579443,-49.48510948,-52.51646266,-36.30515403,-27.13134328,-44.41929559
21/09/2020,-43.75212738,-49.55649614,-80.52618183,-40.57939526,-36.67448114,-64.98421361,-38.5508709,-23.90172809,-56.99091095
22/09/2020,-47.42953172,-51.00453907,-81.59853271,-41.87767083,-37.71663878,-61.29996435,-43.40761936,-23.63584959,-59.01053679
23/09/2020,-46.55703322,-51.20137828,-82.75113546,-41.97236296,-40.74021608,-61.67594261,-42.47558946,-23.63558075,-58.00714188
24/09/2020,-47.4845987,-50.47926005,-82.95607649,-39.58854841,-38.69836711,-62.19430817,-43.21876493,-26.83250646,-58.22530322
25/09/2020,-43.07632769,-49.58598317,-81.64064345,-37.88033098,-38.8453588,-60.27174527,-42.00988581,-27.15297217,-57.74336451
26/09/2020,-43.87475354,-42.63358877,-79.1671234,-39.87700196,-34.99043271,-36.45398216,-31.12229949,-21.03643946,-41.63913338
27/09/2020,-47.27202114,-42.53082971,-79.07065244,-51.66038537,-48.7667819,-44.15692329,-34.86767247,-22.90447761,-43.23627917
28/09/2020,-43.79748425,-57.37037695,-80.14224035,-38.75149208,-37.13581285,-59.46157766,-38.35472477,-22.97175377,-57.31867729
29/09/2020,-46.7743864,-49.3509379,-82.91868745,-41.56233406,-42.39816044,-66.2243901,-44.91402843,-29.18433701,-59.43722218
30/09/2020,-46.90622027,-47.32867846,-81.05296524,-37.57380747,-39.03158135,-60.35135564,-41.6024533,-25.15698446,-56.81066633
01/10/2020,-45.93047139,-47.60650836,-82.75125148,-35.63794268,-37.35609768,-60.74617385,-40.93117051,-24.11431766,-56.49858264
02/10/2020,-45.33687481,-46.42476178,-81.64883182,-42.32066969,-38.39566342,-58.98768518,-39.85176435,-25.5195126,-56.58817844
03/10/2020,-39.82364576,-38.08503545,-79.34236732,-34.44322785,-33.20558343,-34.95525533,-27.09851015,-18.61625761,-37.37830289
04/10/2020,-43.91606129,-36.18072773,-80.67202239,-46.39363806,-43.69758408,-42.02473309,-32.00851279,-16.19701493,-38.9693172
05/10/2020,-42.96254482,-44.65715712,-82.30150098,-34.60667968,-34.52720631,-60.25407947,-36.17928591,-22.18058158,-55.22054146
06/10/2020,-44.79869644,-47.12512092,-81.59232508,-37.43252316,-37.08188701,-61.07597485,-42.05058884,-23.39553294,-57.61928703
07/10/2020,-45.45948338,-47.43591167,-82.82892987,-32.28163595,-37.96044377,-61.79456234,-41.59890397,-23.97287308,-56.63106294
08/10/2020,-45.39866692,-47.13405204,-83.09986778,-32.44502207,-37.4687588,-59.83773774,-41.53084149,-25.45594298,-57.14478193
09/10/2020,-44.27252259,-46.10273952,-82.94771254,-38.50040728,-35.97475086,-61.89798621,-40.87262276,-26.90927054,-56.02399427
10/10/2020,-39.59835432,-37.46088965,-76.68953691,-35.5171199,-35.5475872,-33.74878023,-27.72880689,-17.17371983,-37.80914369
11/10/2020,-43.10933648,-37.21005187,-79.85407555,-45.34652836,-44.66183909,-39.47795035,-32.17160437,-22.44776119,-40.60933449
12/10/2020,-43.09406421,-44.89965925,-81.7502004,-36.49562477,-35.84953035,-61.93859005,-37.62818737,-26.12256229,-55.85612783
13/10/2020,-45.53618838,-47.07567286,-82.37241652,-39.78168496,-38.13781464,-64.14830837,-42.83430026,-27.02148714,-57.78581138
14/10/2020,-45.55049056,-47.05204682,-82.92924373,-38.97833462,-39.15740315,-62.18337145,-40.53800804,-23.7791094,-55.91264936
15/10/2020,-45.01905029,-45.61693275,-82.36022192,-36.75673192,-37.39119302,-58.62760697,-39.88148096,-20.5086996,-55.43866787
16/10/2020,-44.46000363,-44.72835325,-80.98250294,-34.19464379,-35.43516882,-57.957615,-38.9837085,-23.24715956,-55.21693261
17/10/2020,-38.48515393,-35.20663821,-78.36039706,-32.13465908,-32.89592283,-33.98108289,-25.12844141,-16.26444247,-35.27784386
18/10/2020,-41.61657888,-32.90919334,-79.08658647,-44.2594452,-44.92372935,-51.26422397,-33.19629989,-20.92537313,-38.05207433
19/10/2020,-41.68067479,-43.04499259,-80.90356021,-35.00311666,-35.22961587,-60.35358643,-36.48773233,-20.64681796,-54.74776008
20/10/2020,-43.97929822,-46.23563765,-82.09617725,-37.99844582,-35.98464725,-59.8089298,-41.72553269,-22.60390161,-56.87764184
21/10/2020,-44.51132884,-47.61596903,-82.6784591,-37.38436853,-38.63047667,-61.07625399,-40.04749009,-22.37252862,-55.67652372
22/10/2020,-44.07475061,-47.89175423,-80.81782753,-39.87426412,-39.25658639,-59.72711637,-40.15672817,-23.53434421,-55.82807823
23/10/2020,-43.20614387,-45.76007031,-82.83819305,-31.47416364,-37.70146583,-57.30852968,-39.41601954,-24.47884077,-55.23666641
24/10/2020,-38.33372895,-36.87999831,-80.20045825,-32.98195691,-36.03944709,-37.12840924,-26.84710719,-14.41170438,-37.25759698
25/10/2020,-42.38595212,-36.67817562,-79.373399,-40.91142405,-43.3902995,-40.9247937,-33.26393864,-16.83283582,-39.04386344
26/10/2020,-41.31089306,-44.51592719,-82.11117102,-36.35945437,-35.78198584,-60.36424789,-41.12960441,-19.26573669,-54.6049014
27/10/2020,-43.15887251,-47.31833193,-82.87626868,-40.18508292,-38.31813299,-59.65180284,-44.48728266,-23.08453492,-57.02714134
28/10/2020,-44.07086959,-47.35371623,-82.93026734,-41.1859043,-39.37854451,-60.38430557,-41.7916328,-22.37252862,-55.81122627
29/10/2020,-43.90235637,-47.0821047,-83.49193182,-38.07444519,-38.27289974,-59.77069448,-40.6739665,-21.99007756,-55.92424198
30/10/2020,-42.50343103,-44.38043482,-82.35200838,-36.99367981,-37.00857854,-57.15331362,-38.52564422,-23.02980405,-54.58595713
31/10/2020,-36.6250376,-35.31504135,-80.3198054,-41.02866892,-34.83442946,-41.04008628,-32.61103444,-14.39119437,-38.42412708
01/11/2020,-44.00807744,-37.32425327,-82.23355727,-46.55353191,-47.72271272,-48.42976477,-33.61667158,-20.82686567,-41.89444685
02/11/2020,-61.8097574,-60.78370152,-89.09978104,-54.78002295,-59.70555884,-72.21268306,-51.66989783,-32.81976542,-71.32260186
03/11/2020,-44.66229083,-45.44003297,-83.60669913,-40.59625098,-38.93183896,-63.06513529,-47.7564288,-25.02120441,-56.22271701
04/11/2020,-44.34256598,-45.5419829,-83.48199352,-40.85741589,-39.28119148,-63.13232929,-40.8361521,-22.67393879,-55.64430076
05/11/2020,-44.36767258,-45.47173746,-83.77330759,-39.25912009,-38.22508871,-62.24459061,-40.79000902,-22.75871707,-55.87774522
06/11/2020,-43.90229567,-44.46785187,-83.88425774,-36.95890918,-37.64014373,-59.37925295,-39.99598249,-24.92672485,-55.23464243
07/11/2020,-38.27492818,-35.2435914,-79.26834187,-37.29771667,-34.79337597,-38.60465517,-28.10591132,-16.7430095,-38.39064661
08/11/2020,-42.18057607,-35.52961177,-79.88594361,-44.20777218,-43.42571704,-44.3684501,-34.16283872,-19.4119403,-40.96748055
09/11/2020,-40.70886549,-42.76505879,-79.5592181,-34.62948654,-34.32083513,-60.35003261,-35.00544429,-20.87584149,-54.41622012
10/11/2020,-43.04104574,-44.57352851,-83.60359532,-35.57805806,-37.05356611,-59.60165594,-40.89167776,-23.96098388,-55.92212194
11/11/2020,-44.07482465,-46.09288546,-82.15129957,-41.10170921,-39.17367102,-60.05810131,-39.59282041,-22.32229359,-55.19000983
12/11/2020,-43.27949102,-44.64393853,-82.89193937,-39.45297599,-35.22876086,-59.62319932,-38.91493163,-20.92096988,-54.65456342
13/11/2020,-42.32726626,-41.90252214,-81.99171996,-32.6673115,-32.83657941,-57.58368541,-37.3324108,-19.54552939,-53.09327255
14/11/2020,-36.1215266,-30.34921602,-78.45557264,-32.96924371,-30.88742979,-39.82611754,-23.74527781,-10.83612497,-33.46637415
15/11/2020,-40.00320603,-33.45954335,-79.9337457,-41.50420123,-42.7078883,-48.89512374,-28.12023263,-11.22686567,-34.44792567
16/11/2020,-58.01836242,-62.81044671,-89.13259656,-53.22848531,-56.94557783,-76.53768175,-50.66640362,-29.17620931,-73.62127894
17/11/2020,-42.77980962,-44.14231237,-82.6755555,-36.5266584,-36.35905466,-63.38941859,-40.44529536,-21.71331637,-54.74581095
18/11/2020,-43.45752932,-45.43510737,-83.0121562,-39.8802426,-37.61373479,-64.95116513,-41.039174,-25.09239657,-54.63323931
19/11/2020,-42.60573394,-44.83164917,-82.57642609,-37.90149532,-37.59871326,-61.94624813,-40.04988413,-23.31772762,-54.84530581
20/11/2020,-42.5491175,-43.42241684,-81.12477593,-34.55587204,-39.00914646,-63.14676992,-39.67938934,-23.63576486,-54.67956616
21/11/2020,-38.59338898,-34.69388598,-80.14758293,-35.04673125,-36.37100288,-41.33983165,-28.6069279,-18.97860122,-37.78359281
22/11/2020,-40.91365535,-34.55671656,-80.3905212,-43.88408464,-44.20440409,-44.89303658,-32.82839563,-15.20298507,-38.97742005
23/11/2020,-40.87512962,-43.54790893,-79.73423416,-36.72369342,-35.15032448,-64.57907816,-39.62682915,-19.24491637,-53.87820893
24/11/2020,-42.82768264,-45.94425771,-82.94248334,-38.72430315,-38.8050445,-61.96524658,-49.82879324,-23.40260107,-56.12429207
25/11/2020,-43.55084022,-46.13573583,-82.30995923,-40.87527545,-39.16909569,-62.80942002,-41.34264205,-21.36065162,-54.89577721
26/11/2020,-42.94016538,-45.49488868,-82.81538861,-39.02471918,-38.27010229,-61.79875296,-41.32776707,-22.23464468,-55.14383614
27/11/2020,-43.25321477,-44.23114695,-81.01320934,-35.68269814,-36.41868092,-58.70194653,-40.84171887,-18.12283879,-53.98331735
28/11/2020,-35.42746443,-33.30985014,-79.14748399,-37.80175793,-35.48854837,-39.00181779,-26.77284938,-9.181650373,-34.52717645
29/11/2020,-40.1157214,-33.23533912,-80.43301195,-39.79704193,-46.05709064,-45.73068273,-31.78979308,-11.2358209,-35.72169404
30/11/2020,-40.9804517,-41.72095242,-81.41985758,-32.42862403,-36.58611263,-63.61599299,-35.52331559,-14.79630786,-53.09275572
01/12/2020,-42.35497064,-44.09286432,-82.1603227,-34.8936413,-35.75678098,-61.62424765,-40.99441934,-17.64913769,-55.14376691
02/12/2020,-41.50268941,-43.19501349,-83.02341591,-38.41767187,-36.64910093,-62.00214687,-39.68084389,-17.49255445,-53.32688874
03/12/2020,-41.89773765,-44.18648762,-81.04747981,-34.72124504,-38.75838522,-61.92278299,-40.22960853,-18.95744532,-53.77957894
04/12/2020,-41.73498747,-42.36851306,-80.98250294,-34.7213545,-36.21217745,-61.77451889,-39.12105911,-17.31928207,-53.29364648
05/12/2020,-34.23997635,-33.85912835,-77.80142938,-31.15723783,-35.07449462,-41.03259265,-26.57378476,-7.540849115,-32.84081798
06/12/2020,-36.1172608,-32.21222888,-79.72394764,-36.33787506,-44.57703652,-46.25526921,-31.04007754,-8.047761194,-32.730121
07/12/2020,-41.23714096,-43.73973668,-82.32994109,-35.91337891,-36.95427028,-64.90602958,-36.23619484,-15.82344368,-53.32564232
08/12/2020,-42.75674333,-45.3322653,-82.60416782,-40.95756087,-38.33684037,-63.72038814,-42.18559058,-19.4161719,-56.17377055
09/12/2020,-42.84918384,-45.63576725,-83.23632695,-41.33005649,-40.52847958,-63.68918301,-40.35628214,-18.02361046,-53.89263943
10/12/2020,-43.0481834,-46.41336321,-82.68401095,-43.81346657,-40.15329765,-62.60327203,-41.23047531,-14.92558172,-54.24983026
11/12/2020,-41.40549113,-46.86394668,-82.73481484,-37.96532586,-37.64721936,-62.62115192,-40.2899128,-21.87057467,-53.64126489
12/12/2020,-36.44112723,-39.08768446,-80.98754517,-31.93349128,-39.71940359,-38.22247983,-29.69216558,-17.87789704,-36.82323192
13/12/2020,-37.7009213,-36.09725994,-81.36780834,-39.7122202,-47.73119297,-45.29070697,-30.73854777,-13.91343284,-31.96521175
14/12/2020,-41.96369457,-42.20036871,-81.29953404,-37.59370826,-38.89303813,-63.59467007,-36.89406212,-17.03102228,-53.61998512
15/12/2020,-43.99462681,-43.43120569,-82.19963765,-39.48318342,-38.94405072,-63.7404469,-41.54740052,-16.41221374,-55.22303888
16/12/2020,-42.23725027,-45.62961511,-82.75215907,-38.9796103,-40.86222511,-63.8242777,-40.12699517,-11.98823065,-53.47532566
17/12/2020,-43.10386782,-45.83758386,-83.40607083,-40.51601582,-41.94773741,-64.89950353,-41.40560047,-12.85724268,-54.11932231
18/12/2020,-41.36706795,-42.84626224,-82.75733286,-34.58677927,-41.06448497,-61.44644859,-40.82283317,-15.1259674,-53.91956201
19/12/2020,-40.54174363,-43.23722875,-80.23822633,-38.79563156,-46.04711459,-53.3221527,-33.42071301,-11.35571204,-41.22327069
20/12/2020,-42.41240148,-40.65624723,-81.50059192,-43.3888037,-52.87272239,-59.55607475,-31.12351974,-8.907462687,-39.94814175
21/12/2020,-46.38227097,-50.24986238,-83.58130592,-41.51850149,-45.13276303,-73.25395226,-41.52910513,-6.620861961,-59.06849461
22/12/2020,-49.15855926,-55.07738638,-85.64693828,-44.68591634,-48.21563575,-73.11123128,-45.65496009,-11.95221939,-61.18817216
23/12/2020,-47.35354991,-54.25577211,-85.75952742,-44.66405439,-50.43281645,-73.48519562,-43.56878432,-4.940973842,-58.81747013
24/12/2020,-60.10973047,-68.5982317,-89.89529954,-59.55507197,-59.81126319,-82.1229159,-52.5248094,-8.154566417,-70.05323294
25/12/2020,-84.68732892,-85.26725392,-96.08595755,-82.44726893,-83.74230642,-91.11388087,-74.75907845,-54.42120863,-90.13714988
26/12/2020,-62.01961005,-60.83356929,-88.38857944,-53.66709207,-60.76850454,-67.2003632,-51.18309248,-27.18944418,-59.47453282
27/12/2020,-55.38272451,-53.39591785,-85.09371554,-52.47642896,-63.19219645,-65.83419034,-44.43824013,-22.64477612,-52.42875182
28/12/2020,-53.10954105,-56.83286119,-86.20873451,-47.46908099,-55.69480292,-77.00678596,-46.99122464,-18.16919981,-64.43169138
29/12/2020,-55.75679505,-59.05635511,-84.49232018,-49.23596042,-55.27767142,-78.08580393,-51.7125059,-18.68108567,-66.29286484
30/12/2020,-55.16493826,-58.33743005,-87.79241834,-47.0623387,-56.63138334,-77.50838142,-49.13697945,-14.39233557,-64.03072275
01/01/2021,-85.83721535,-87.24236114,-96.78401638,-84.05830829,-86.60426638,-90.28135839,-81.16717114,-54.86250617,-91.2290866
02/01/2021,-63.95460877,-60.03181321,-89.41133922,-55.17098964,-68.93971267,-65.47682734,-54.55063958,-28.33116839,-60.17145526
03/01/2021,-53.10485457,-50.49301889,-85.04325778,-50.82679245,-65.2504045,-61.99286355,-48.93906191,-18.33731343,-49.18881767
04/01/2021,-49.44367117,-52.79904349,-85.16191971,-40.46133619,-55.26043563,-74.16728395,-43.04212399,-11.64549934,-59.91657368
05/01/2021,-51.64713849,-53.89216011,-86.17975936,-40.77107835,-55.17062364,-73.39205393,-49.94521033,-2.332485157,-62.30482368
06/01/2021,-58.2548807,-60.00759265,-88.3318612,-49.47146632,-63.30070173,-75.61376075,-53.43806235,-22.74570311,-67.93445533
07/01/2021,-57.8528057,-59.10201673,-86.41948119,-48.21766975,-58.18238185,-74.11459902,-51.9198316,-26.44119908,-66.08731259
08/01/2021,-58.92146582,-56.96876878,-85.39910681,-45.47320716,-56.82662262,-71.86356245,-51.67215783,-28.61518195,-65.95110573
09/01/2021,-70.55256045,-25.82180933,-92.96758226,-24.09841677,-72.77840932,-52.27304392,-46.03425253,-28.72769536,-54.97317157
10/01/2021,-73.97785613,-24.86672729,-93.57327483,-29.55896095,-82.03382909,-54.7586468,-50.63761642,-29.8358209,-56.53501271
11/01/2021,-75.23854427,-28.07691636,-73.39646511,-5.957231947,-46.68014646,-70.89421592,-48.20793766,-26.51814838,-63.83654817
12/01/2021,-72.02462598,-37.58899059,-74.58495198,-19.5696989,-50.01985855,-70.56376867,-53.25888951,-31.49561776,-66.03456654
13/01/2021,-72.56547414,-39.17430465,-75.04948827,-21.74321749,-47.89375779,-70.68115703,-53.38375754,-30.83354265,-65.14690501
14/01/2021,-72.91783692,-38.81876352,-74.72790414,-23.35280054,-46.84277377,-69.25731515,-53.1145743,-29.98392845,-65.60914074
15/01/2021,-72.88300529,-36.73091876,-73.97530247,-16.81512198,-43.53387867,-66.19817645,-50.64649215,-29.10258521,-65.00084754
16/01/2021,-70.05970446,-25.63255773,-70.82188697,-22.86299221,-47.02536057,-49.85260008,-42.82193111,-26.75189718,-52.82777822
17/01/2021,-75.20243483,-30.08254061,-69.72003288,-39.23643851,-50.34460838,-55.92627476,-47.85368115,-31.26865672,-56.91702764
18/01/2021,-70.95084343,-30.48326005,-71.94055026,-19.50249765,-44.9330662,-64.8562761,-45.81624484,-24.0197099,-63.1973006
19/01/2021,-70.20467536,-35.35611998,-73.65173915,-23.00214285,-45.22375419,-66.30462514,-51.84224783,-29.11365564,-65.31038053
20/01/2021,-70.31357653,-35.82675426,-73.9276109,-25.73546789,-46.63935249,-66.3614219,-51.09230753,-29.33366823,-64.40049444
21/01/2021,-72.0004859,-38.27106574,-73.93653479,-28.37468182,-43.99776277,-65.14421142,-51.08453769,-29.56467053,-65.22343306
22/01/2021,-72.14329384,-36.93829802,-73.5505306,-29.98031419,-40.24082962,-62.17314194,,,
23/01/2021,-70.10606612,-27.88082831,-69.93358157,-31.13106358,-40.45523849,-37.23332012,,,
24/01/2021,-69.20963841,-30.81258989,-68.47983426,-38.01188564,-44.1101236,-42.09242167,,,
25/01/2021,-64.15139753,-35.89401216,-71.28642774,-28.84995853,-45.21285534,-63.51293222,,,
